source_row,subset,label
2141,train,FR
3857,train,FR
5223,train,FR
5280,train,FR
5019,train,FR
1544,train,FR
5937,train,FR
3901,train,FR
2937,train,FR
1974,train,FR
3768,train,NFR
5333,train,FR
531,train,FR
181,train,FR
1048,train,FR
6116,train,NFR
4732,train,FR
2572,train,FR
3702,train,FR
3180,train,FR
1867,train,NFR
3535,train,FR
4350,train,NFR
3032,train,FR
1420,train,FR
5113,train,NFR
3518,train,FR
253,train,FR
5302,train,FR
2877,train,NFR
4652,train,NFR
3524,train,FR
1368,train,FR
4545,train,NFR
3291,train,FR
2075,train,NFR
749,train,NFR
2291,train,FR
2359,train,FR
2860,train,FR
1770,train,FR
4970,train,NFR
2525,train,FR
1171,train,FR
3415,train,NFR
2025,train,NFR
3585,train,NFR
3601,train,NFR
4618,train,NFR
280,train,FR
3964,train,NFR
410,train,FR
3763,train,FR
1576,train,FR
5194,train,NFR
1663,train,FR
199,train,FR
5299,train,FR
1585,train,NFR
683,train,FR
2425,train,NFR
924,train,FR
3650,train,FR
5762,train,NFR
3709,train,FR
504,train,NFR
5392,train,NFR
4418,train,FR
4086,train,FR
6051,train,FR
384,train,FR
5089,train,FR
2760,train,NFR
2916,train,NFR
3096,train,FR
4281,train,NFR
2009,train,FR
6042,train,NFR
4195,train,NFR
777,train,FR
1449,train,NFR
5114,train,NFR
2292,train,FR
2950,train,NFR
3680,train,FR
2640,train,FR
5096,train,FR
3758,train,FR
1284,train,FR
4273,train,FR
1928,train,NFR
3405,train,FR
715,train,FR
5622,train,NFR
3254,train,NFR
1222,train,FR
2151,train,FR
3174,train,FR
4600,train,NFR
2011,train,FR
160,train,FR
4471,train,NFR
2690,train,FR
3440,train,FR
1231,train,FR
3540,train,FR
5871,train,NFR
1559,train,NFR
5067,train,FR
2053,train,NFR
3185,train,FR
2775,train,NFR
809,train,FR
2888,train,FR
3154,train,NFR
3791,train,FR
2574,train,FR
5264,train,FR
4215,train,FR
3234,train,NFR
5464,train,FR
20,train,NFR
2500,train,NFR
3486,train,NFR
6068,train,FR
2078,train,NFR
5587,train,FR
4796,train,FR
3155,train,NFR
5394,train,NFR
2929,train,FR
1813,train,FR
1876,train,FR
1115,train,NFR
5932,train,NFR
2203,train,FR
5008,train,FR
5156,train,FR
5199,train,FR
5506,train,NFR
1560,train,NFR
1075,train,NFR
4518,train,NFR
727,train,NFR
5525,train,FR
200,train,FR
5031,train,NFR
1932,train,FR
3061,train,FR
3269,train,FR
4411,train,FR
5910,train,FR
3677,train,FR
28,train,NFR
2027,train,FR
4761,train,FR
4323,train,FR
4239,train,NFR
1692,train,NFR
1505,train,FR
3807,train,FR
1402,train,FR
6001,train,FR
2844,train,FR
5000,train,FR
5016,train,FR
4078,train,FR
4793,train,FR
4170,train,NFR
4345,train,NFR
5806,train,FR
3787,train,FR
5975,train,NFR
428,train,NFR
6098,train,FR
2753,train,FR
3158,train,NFR
1528,train,FR
6115,train,NFR
2662,train,FR
4581,train,FR
3638,train,FR
592,train,NFR
2744,train,NFR
2639,train,FR
5116,train,NFR
2185,train,NFR
4587,train,FR
3805,train,FR
4543,train,NFR
1459,train,FR
2504,train,NFR
4990,train,NFR
534,train,FR
6013,train,NFR
3813,train,FR
2143,train,FR
4911,train,FR
4881,train,NFR
2723,train,FR
3059,train,FR
3888,train,FR
2114,train,NFR
2154,train,NFR
3273,train,NFR
2042,train,FR
850,train,NFR
4772,train,FR
1926,train,NFR
3078,train,NFR
5736,train,FR
3102,train,FR
4265,train,FR
5415,train,FR
4503,train,FR
5668,train,FR
4951,train,FR
3443,train,NFR
5210,train,NFR
4280,train,FR
1139,train,FR
3384,train,NFR
921,train,FR
5904,train,NFR
5734,train,FR
59,train,NFR
5590,train,FR
5606,train,FR
4363,train,NFR
64,train,NFR
3993,train,FR
537,train,FR
3348,train,FR
2482,train,FR
5882,train,FR
4343,train,NFR
1756,train,FR
3836,train,FR
1572,train,FR
4254,train,FR
3711,train,FR
1303,train,FR
4356,train,NFR
1553,train,FR
3328,train,FR
4728,train,FR
3692,train,NFR
5265,train,FR
3794,train,FR
4512,train,FR
5691,train,NFR
3481,train,FR
2818,train,FR
5749,train,FR
2864,train,FR
1501,train,FR
5434,train,NFR
3247,train,FR
5232,train,FR
2780,train,NFR
179,train,FR
2198,train,NFR
4169,train,NFR
2565,train,FR
4340,train,NFR
5168,train,FR
1346,train,FR
2749,train,NFR
5138,train,FR
2729,train,FR
2123,train,FR
1366,train,FR
2849,train,FR
5943,train,FR
2566,train,FR
2318,train,FR
4614,train,NFR
4582,train,FR
4251,train,FR
1389,train,FR
5960,train,FR
1446,train,NFR
1581,train,FR
3063,train,FR
1747,train,FR
5998,train,FR
2897,train,FR
3011,train,FR
5405,train,FR
4846,train,FR
1808,train,NFR
3493,train,FR
4112,train,FR
2786,train,NFR
705,train,FR
3576,train,FR
554,train,NFR
5410,train,NFR
1007,train,FR
3282,train,FR
5567,train,NFR
4216,train,FR
195,train,FR
217,train,FR
5282,train,FR
2558,train,FR
3916,train,NFR
2375,train,FR
2438,train,FR
2325,train,FR
1701,train,NFR
5562,train,FR
1406,train,FR
4700,train,FR
1951,train,FR
3548,train,NFR
1543,train,FR
1526,train,FR
4897,train,FR
736,train,FR
5994,train,FR
3812,train,FR
5578,train,FR
2361,train,FR
2737,train,NFR
2715,train,NFR
4476,train,FR
4422,train,FR
1167,train,FR
3266,train,FR
2977,train,NFR
1323,train,NFR
5530,train,FR
4474,train,NFR
1131,train,FR
514,train,NFR
1546,train,FR
3367,train,FR
5883,train,FR
1705,train,NFR
2230,train,FR
1285,train,FR
4740,train,FR
4818,train,FR
936,train,FR
5488,train,NFR
1989,train,FR
2935,train,FR
1114,train,NFR
577,train,FR
3572,train,FR
4219,train,FR
2140,train,FR
1728,train,FR
1677,train,FR
1391,train,FR
4850,train,FR
5284,train,FR
1802,train,NFR
352,train,FR
3276,train,NFR
1127,train,NFR
3659,train,NFR
5552,train,FR
3480,train,FR
6073,train,FR
754,train,FR
1643,train,FR
1082,train,NFR
768,train,NFR
5340,train,FR
5315,train,NFR
910,train,NFR
2839,train,NFR
3641,train,FR
247,train,FR
447,train,FR
1352,train,FR
4204,train,NFR
1742,train,FR
4619,train,NFR
423,train,FR
5212,train,NFR
4010,train,FR
5108,train,NFR
4336,train,FR
393,train,FR
3476,train,FR
969,train,FR
794,train,FR
2622,train,NFR
1440,train,FR
1485,train,NFR
4094,train,NFR
4375,train,FR
2129,train,FR
5001,train,FR
1807,train,NFR
12,train,NFR
5690,train,NFR
1330,train,FR
874,train,NFR
4234,train,FR
1142,train,FR
6004,train,NFR
1622,train,NFR
5072,train,FR
4929,train,NFR
1971,train,FR
721,train,FR
3949,train,FR
5810,train,FR
1225,train,FR
1614,train,FR
5066,train,FR
5812,train,FR
5195,train,NFR
1977,train,NFR
5313,train,FR
5009,train,FR
1292,train,FR
5249,train,NFR
210,train,FR
2994,train,FR
4530,train,FR
5842,train,FR
5144,train,NFR
6024,train,FR
5980,train,NFR
1408,train,FR
1564,train,NFR
3005,train,FR
4217,train,FR
4295,train,NFR
4508,train,FR
719,train,FR
2266,train,FR
760,train,NFR
373,train,FR
3122,train,FR
467,train,NFR
629,train,FR
1856,train,FR
2452,train,FR
5318,train,NFR
578,train,FR
3892,train,FR
1859,train,FR
2523,train,FR
4756,train,NFR
2263,train,FR
5039,train,NFR
3911,train,FR
5173,train,FR
4009,train,FR
2022,train,FR
5170,train,FR
1278,train,FR
5205,train,NFR
693,train,FR
2917,train,NFR
2919,train,NFR
3654,train,FR
2232,train,FR
3389,train,NFR
5557,train,FR
5984,train,FR
3448,train,NFR
1609,train,FR
2253,train,FR
334,train,FR
1520,train,FR
5473,train,FR
4956,train,FR
1143,train,FR
1708,train,NFR
2353,train,NFR
2509,train,NFR
4143,train,FR
4519,train,FR
3046,train,FR
5150,train,NFR
3810,train,FR
565,train,FR
332,train,FR
5838,train,FR
4553,train,NFR
1504,train,FR
5158,train,FR
904,train,NFR
3831,train,FR
107,train,FR
2934,train,FR
1399,train,FR
5353,train,FR
2026,train,FR
1052,train,NFR
1077,train,NFR
3294,train,FR
1552,train,FR
369,train,FR
3762,train,FR
942,train,FR
5673,train,FR
3008,train,FR
5362,train,NFR
3907,train,FR
2056,train,NFR
1349,train,FR
2008,train,FR
261,train,FR
368,train,FR
2779,train,NFR
724,train,NFR
616,train,FR
3789,train,FR
3095,train,FR
3223,train,FR
3020,train,FR
267,train,FR
5802,train,FR
5823,train,FR
5082,train,FR
1879,train,FR
3594,train,NFR
1653,train,NFR
1405,train,FR
1655,train,NFR
1956,train,NFR
5197,train,NFR
1985,train,NFR
5963,train,FR
1361,train,FR
1664,train,FR
5015,train,FR
5556,train,FR
3861,train,FR
5728,train,NFR
3542,train,FR
4149,train,FR
2251,train,FR
2944,train,FR
188,train,FR
4087,train,FR
2350,train,NFR
1086,train,NFR
3634,train,FR
1873,train,NFR
5646,train,NFR
2988,train,FR
5503,train,NFR
94,train,FR
4318,train,FR
2277,train,FR
3127,train,FR
1658,train,NFR
4885,train,FR
4905,train,NFR
4991,train,NFR
639,train,FR
3565,train,FR
3125,train,FR
4275,train,FR
3556,train,NFR
205,train,FR
2697,train,FR
4767,train,FR
1710,train,NFR
5474,train,FR
3425,train,NFR
1345,train,FR
1456,train,FR
6108,train,NFR
283,train,FR
2972,train,FR
5550,train,FR
1271,train,FR
19,train,NFR
96,train,FR
2269,train,FR
2077,train,NFR
4161,train,NFR
3277,train,NFR
5614,train,FR
5577,train,FR
417,train,FR
4189,train,NFR
4153,train,FR
1875,train,FR
3219,train,FR
3407,train,FR
241,train,FR
2458,train,FR
3302,train,NFR
3581,train,FR
4780,train,NFR
231,train,FR
1244,train,NFR
4714,train,NFR
5697,train,NFR
5376,train,NFR
4827,train,FR
2586,train,FR
2432,train,FR
72,train,NFR
4899,train,NFR
6012,train,NFR
2398,train,NFR
2331,train,NFR
2437,train,FR
2939,train,FR
624,train,FR
2489,train,FR
4311,train,FR
4279,train,FR
4464,train,NFR
1030,train,FR
2400,train,NFR
963,train,FR
5786,train,FR
4373,train,FR
4578,train,FR
3116,train,FR
2909,train,FR
4120,train,FR
3399,train,FR
1506,train,FR
4163,train,NFR
5623,train,NFR
6041,train,NFR
973,train,FR
4853,train,FR
6117,train,NFR
412,train,FR
3187,train,FR
297,train,FR
4735,train,FR
570,train,FR
4898,train,NFR
456,train,NFR
1090,train,FR
1269,train,NFR
826,train,FR
2221,train,FR
2481,train,FR
2757,train,NFR
5260,train,FR
3908,train,FR
6094,train,FR
2238,train,FR
5865,train,NFR
166,train,FR
3860,train,FR
5670,train,FR
5959,train,FR
5808,train,FR
4005,train,FR
3376,train,NFR
5640,train,FR
5121,train,NFR
1336,train,FR
5635,train,NFR
5548,train,FR
2689,train,FR
4436,train,FR
4908,train,FR
112,train,FR
5389,train,FR
5702,train,FR
876,train,NFR
2422,train,NFR
3349,train,FR
2127,train,FR
5468,train,NFR
5595,train,FR
2430,train,FR
5467,train,NFR
3909,train,FR
5776,train,NFR
1415,train,FR
156,train,FR
5253,train,NFR
4071,train,FR
4893,train,FR
605,train,NFR
2719,train,FR
2348,train,NFR
5179,train,NFR
4062,train,NFR
5930,train,NFR
3889,train,FR
1058,train,NFR
1921,train,NFR
22,train,NFR
5462,train,FR
3533,train,FR
3066,train,FR
3900,train,FR
3267,train,FR
2642,train,FR
1724,train,FR
843,train,NFR
153,train,FR
3378,train,FR
2745,train,NFR
3687,train,FR
3182,train,FR
5768,train,NFR
4819,train,FR
3285,train,FR
1979,train,NFR
1871,train,NFR
3055,train,FR
4300,train,FR
2210,train,NFR
4402,train,FR
5334,train,FR
5688,train,NFR
3730,train,FR
6039,train,NFR
1085,train,NFR
529,train,NFR
39,train,NFR
1347,train,FR
5098,train,FR
4084,train,FR
1076,train,NFR
2470,train,FR
3583,train,FR
2838,train,NFR
4004,train,FR
5509,train,NFR
729,train,NFR
2718,train,FR
2455,train,FR
5919,train,FR
2220,train,FR
1645,train,FR
2613,train,NFR
2428,train,FR
1675,train,FR
4193,train,NFR
5201,train,FR
6083,train,FR
3006,train,FR
1881,train,FR
836,train,NFR
1618,train,FR
2667,train,FR
4424,train,FR
1555,train,FR
4589,train,FR
875,train,NFR
1430,train,FR
5675,train,FR
779,train,FR
6029,train,FR
3358,train,FR
4616,train,NFR
5251,train,NFR
4648,train,NFR
4194,train,NFR
3427,train,FR
5927,train,NFR
3818,train,FR
4313,train,FR
126,train,FR
78,train,NFR
3957,train,FR
3863,train,FR
516,train,NFR
574,train,FR
6102,train,FR
5551,train,FR
5109,train,NFR
1510,train,NFR
1965,train,NFR
4212,train,FR
335,train,FR
5430,train,NFR
5330,train,FR
5907,train,FR
5853,train,FR
3332,train,NFR
3134,train,NFR
4327,train,FR
239,train,FR
1434,train,FR
212,train,FR
5010,train,FR
1280,train,FR
4376,train,FR
2702,train,FR
3166,train,NFR
3191,train,FR
3676,train,FR
1473,train,FR
5925,train,NFR
3045,train,FR
5174,train,NFR
897,train,NFR
1332,train,FR
2896,train,FR
63,train,NFR
2487,train,FR
5465,train,FR
5744,train,FR
3865,train,FR
3746,train,FR
4410,train,FR
1569,train,FR
3211,train,FR
382,train,FR
623,train,FR
271,train,FR
2604,train,FR
3041,train,FR
937,train,FR
3806,train,FR
5616,train,FR
4232,train,FR
1644,train,FR
5518,train,NFR
4606,train,NFR
4962,train,NFR
3408,train,FR
3064,train,FR
3669,train,FR
742,train,FR
5070,train,FR
5953,train,NFR
4692,train,FR
1574,train,FR
739,train,FR
2246,train,FR
2563,train,FR
4435,train,FR
2819,train,FR
2788,train,NFR
545,train,FR
3037,train,FR
6028,train,FR
5765,train,NFR
3753,train,FR
4949,train,FR
1966,train,NFR
552,train,FR
870,train,NFR
2590,train,FR
4470,train,NFR
5508,train,NFR
2228,train,FR
2597,train,FR
750,train,FR
3036,train,FR
3112,train,FR
3301,train,NFR
54,train,NFR
3954,train,FR
1761,train,FR
2048,train,NFR
4423,train,FR
2287,train,FR
5107,train,NFR
2907,train,FR
4158,train,FR
6109,train,NFR
4339,train,NFR
147,train,FR
2433,train,FR
4037,train,FR
155,train,FR
6081,train,FR
3311,train,FR
6097,train,FR
2834,train,FR
636,train,FR
135,train,FR
2148,train,FR
3796,train,FR
5638,train,FR
5487,train,NFR
1972,train,FR
1744,train,FR
4043,train,FR
3574,train,FR
3370,train,FR
4226,train,FR
1298,train,FR
1670,train,FR
1250,train,NFR
4611,train,NFR
438,train,FR
4556,train,NFR
2473,train,FR
2957,train,NFR
4680,train,FR
5837,train,FR
3089,train,FR
5172,train,FR
3411,train,NFR
5301,train,FR
3607,train,NFR
378,train,FR
2419,train,NFR
3047,train,FR
1702,train,NFR
3452,train,NFR
722,train,FR
4428,train,FR
582,train,FR
433,train,FR
2796,train,NFR
2155,train,NFR
2472,train,FR
4605,train,NFR
579,train,FR
272,train,FR
575,train,FR
4771,train,FR
702,train,FR
4594,train,NFR
5891,train,NFR
2255,train,FR
1418,train,FR
4590,train,FR
1746,train,FR
6052,train,FR
5259,train,FR
759,train,FR
1640,train,FR
291,train,FR
784,train,FR
5840,train,FR
76,train,NFR
3932,train,FR
569,train,FR
3508,train,NFR
4515,train,FR
1901,train,NFR
6111,train,NFR
3575,train,FR
3382,train,FR
1537,train,FR
2763,train,NFR
580,train,FR
4408,train,FR
1681,train,NFR
3802,train,FR
4276,train,FR
5901,train,NFR
375,train,FR
3215,train,FR
1041,train,FR
2169,train,NFR
2709,train,NFR
1620,train,FR
5414,train,FR
521,train,NFR
1586,train,NFR
1326,train,NFR
4715,train,NFR
556,train,NFR
4178,train,NFR
4631,train,NFR
3597,train,NFR
4187,train,NFR
4066,train,FR
79,train,NFR
2344,train,NFR
2808,train,FR
4332,train,FR
2368,train,FR
691,train,FR
5130,train,NFR
3718,train,FR
2883,train,NFR
558,train,NFR
3000,train,NFR
495,train,NFR
1126,train,NFR
3644,train,FR
4604,train,NFR
5326,train,NFR
149,train,FR
4462,train,FR
3172,train,FR
5785,train,FR
764,train,NFR
4679,train,FR
946,train,FR
1208,train,FR
1502,train,FR
1363,train,FR
4628,train,NFR
311,train,FR
388,train,FR
3640,train,FR
4791,train,FR
4852,train,FR
4860,train,NFR
336,train,FR
5221,train,FR
1290,train,FR
29,train,NFR
992,train,NFR
2968,train,FR
1308,train,NFR
641,train,FR
30,train,NFR
2567,train,FR
6057,train,FR
1768,train,FR
4406,train,FR
3557,train,NFR
951,train,FR
3098,train,NFR
1750,train,FR
2561,train,FR
2341,train,FR
3113,train,FR
3299,train,NFR
4915,train,FR
5149,train,NFR
4440,train,FR
4825,train,FR
2758,train,NFR
5524,train,FR
3183,train,FR
1696,train,FR
5207,train,FR
5088,train,FR
1919,train,NFR
246,train,FR
3719,train,FR
3621,train,FR
600,train,NFR
2245,train,FR
2664,train,FR
3648,train,FR
5652,train,FR
1561,train,NFR
557,train,NFR
4572,train,NFR
3335,train,FR
5094,train,FR
4749,train,NFR
5426,train,FR
685,train,FR
4123,train,FR
4100,train,NFR
2631,train,FR
5575,train,NFR
4461,train,FR
2215,train,NFR
615,train,FR
1083,train,NFR
2515,train,FR
3375,train,NFR
6059,train,FR
4330,train,FR
4482,train,FR
5023,train,FR
4144,train,FR
4076,train,FR
4696,train,FR
2451,train,FR
5974,train,FR
5809,train,FR
2546,train,NFR
2501,train,NFR
3360,train,FR
2349,train,NFR
5895,train,NFR
121,train,FR
5890,train,NFR
5597,train,FR
5118,train,NFR
4601,train,NFR
3912,train,FR
3140,train,NFR
173,train,FR
3867,train,FR
6077,train,FR
2443,train,FR
4736,train,FR
4829,train,FR
5045,train,FR
5537,train,FR
1694,train,FR
1060,train,NFR
680,train,FR
5795,train,FR
3316,train,NFR
571,train,FR
5359,train,NFR
1390,train,FR
2234,train,FR
1300,train,FR
5324,train,NFR
646,train,FR
361,train,NFR
5192,train,FR
3455,train,NFR
119,train,FR
1706,train,NFR
1519,train,FR
3520,train,FR
5345,train,FR
3779,train,FR
3192,train,FR
3340,train,FR
5647,train,NFR
4739,train,FR
1324,train,NFR
5136,train,FR
5738,train,FR
2199,train,NFR
3109,train,FR
559,train,NFR
2623,train,NFR
3869,train,FR
5748,train,FR
4297,train,NFR
1540,train,FR
3600,train,NFR
5601,train,FR
4362,train,NFR
5044,train,FR
2675,train,NFR
4981,train,NFR
2923,train,NFR
831,train,NFR
656,train,FR
2213,train,NFR
4996,train,NFR
3306,train,FR
5718,train,FR
5073,train,FR
4109,train,NFR
6076,train,FR
972,train,FR
5819,train,FR
4383,train,FR
4815,train,FR
276,train,FR
3815,train,FR
4882,train,NFR
1147,train,FR
551,train,FR
2382,train,FR
3204,train,FR
662,train,FR
525,train,NFR
4355,train,NFR
3342,train,NFR
657,train,FR
4688,train,FR
2033,train,NFR
2387,train,NFR
5217,train,NFR
5889,train,FR
2949,train,FR
3541,train,FR
956,train,FR
186,train,FR
770,train,NFR
1045,train,FR
4612,train,NFR
3699,train,FR
3854,train,FR
323,train,FR
3278,train,NFR
5395,train,NFR
2609,train,NFR
5491,train,FR
3014,train,FR
1088,train,FR
4840,train,FR
190,train,FR
1809,train,FR
3188,train,FR
172,train,FR
1266,train,NFR
2045,train,NFR
612,train,NFR
1216,train,FR
2300,train,FR
3827,train,NFR
4957,train,FR
5692,train,NFR
1460,train,FR
2665,train,FR
2484,train,FR
6100,train,FR
1074,train,NFR
1000,train,NFR
386,train,FR
775,train,NFR
4059,train,NFR
4319,train,FR
4007,train,FR
3792,train,FR
2225,train,FR
4399,train,FR
2024,train,NFR
4210,train,FR
2717,train,FR
5586,train,FR
4238,train,NFR
4834,train,FR
2109,train,NFR
1276,train,FR
4896,train,FR
5152,train,NFR
2354,train,NFR
2537,train,NFR
3317,train,NFR
137,train,FR
37,train,NFR
2931,train,FR
2918,train,NFR
1589,train,NFR
4673,train,FR
10,train,NFR
4159,train,FR
4347,train,NFR
1973,train,FR
6035,train,FR
1778,train,FR
1146,train,FR
5649,train,FR
182,train,FR
4887,train,NFR
2553,train,FR
802,train,FR
2993,train,FR
1237,train,NFR
3231,train,FR
4854,train,FR
1757,train,FR
1260,train,NFR
825,train,FR
2751,train,FR
5801,train,FR
1507,train,NFR
2890,train,FR
803,train,FR
1968,train,NFR
1613,train,FR
3897,train,FR
1404,train,FR
1049,train,FR
676,train,FR
5737,train,FR
3138,train,NFR
1703,train,NFR
2759,train,NFR
1394,train,FR
765,train,NFR
2742,train,NFR
2021,train,FR
2144,train,FR
2901,train,FR
154,train,FR
482,train,NFR
1272,train,FR
1026,train,NFR
71,train,NFR
758,train,FR
4943,train,FR
465,train,NFR
2256,train,FR
5238,train,FR
1806,train,NFR
18,train,NFR
2887,train,FR
4664,train,FR
700,train,FR
3695,train,NFR
203,train,FR
424,train,FR
1256,train,NFR
3412,train,NFR
5314,train,FR
5941,train,FR
2003,train,FR
3552,train,NFR
5216,train,NFR
4125,train,FR
1500,train,FR
486,train,NFR
5419,train,FR
2149,train,FR
2823,train,NFR
6079,train,FR
1170,train,FR
1853,train,FR
2624,train,NFR
3922,train,NFR
1729,train,FR
4813,train,FR
5274,train,NFR
2627,train,FR
5012,train,FR
2352,train,NFR
4055,train,NFR
3469,train,FR
5752,train,FR
4446,train,FR
654,train,FR
793,train,FR
3196,train,FR
2959,train,NFR
1112,train,NFR
1567,train,FR
55,train,NFR
3053,train,FR
2176,train,FR
4164,train,NFR
2784,train,NFR
2423,train,NFR
3811,train,FR
7,train,NFR
2057,train,NFR
6020,train,NFR
1639,train,FR
2418,train,FR
5564,train,NFR
1462,train,FR
3293,train,FR
5225,train,FR
1740,train,FR
2699,train,FR
2281,train,FR
2778,train,NFR
1615,train,FR
1759,train,FR
3953,train,FR
5054,train,FR
3925,train,NFR
193,train,FR
1309,train,NFR
1002,train,FR
2196,train,NFR
3298,train,NFR
1673,train,FR
5310,train,FR
4870,train,FR
2748,train,NFR
5875,train,NFR
728,train,NFR
4752,train,NFR
4174,train,NFR
3468,train,FR
2962,train,NFR
3222,train,FR
903,train,NFR
5254,train,NFR
4024,train,FR
2313,train,FR
698,train,FR
2182,train,FR
3652,train,FR
5042,train,FR
3748,train,NFR
3163,train,NFR
2867,train,FR
36,train,NFR
385,train,FR
4722,train,NFR
1593,train,FR
5656,train,FR
6033,train,FR
1545,train,FR
3359,train,FR
733,train,FR
6027,train,FR
5485,train,FR
4334,train,FR
4335,train,FR
2722,train,FR
2556,train,FR
4460,train,FR
3928,train,FR
5921,train,NFR
5033,train,NFR
1057,train,NFR
4693,train,FR
3823,train,NFR
4454,train,FR
4610,train,NFR
4894,train,FR
3662,train,NFR
1474,train,FR
4597,train,NFR
4417,train,FR
1660,train,NFR
5634,train,NFR
2111,train,NFR
6065,train,FR
6107,train,NFR
2605,train,NFR
383,train,FR
1978,train,NFR
1607,train,FR
2062,train,FR
1032,train,FR
1610,train,FR
5767,train,NFR
321,train,FR
696,train,FR
1451,train,NFR
2602,train,FR
273,train,FR
4421,train,FR
5855,train,FR
5002,train,FR
5563,train,NFR
1098,train,NFR
707,train,FR
5848,train,FR
591,train,NFR
3723,train,FR
1720,train,FR
1311,train,NFR
3544,train,FR
214,train,FR
3795,train,FR
4625,train,NFR
2930,train,FR
3413,train,NFR
5851,train,FR
4865,train,NFR
5354,train,FR
5131,train,NFR
3160,train,NFR
4467,train,NFR
1700,train,NFR
2157,train,NFR
1632,train,NFR
4235,train,NFR
1884,train,FR
1403,train,FR
2305,train,NFR
1880,train,FR
4122,train,FR
2825,train,NFR
5684,train,FR
4719,train,NFR
347,train,FR
2981,train,FR
2299,train,FR
2773,train,NFR
4562,train,NFR
4469,train,NFR
1656,train,NFR
5519,train,NFR
5933,train,FR
3447,train,NFR
3076,train,NFR
3362,train,NFR
3716,train,FR
1595,train,FR
1840,train,FR
2971,train,FR
2541,train,FR
3085,train,NFR
171,train,FR
4817,train,FR
244,train,FR
5755,train,FR
3530,train,FR
3385,train,NFR
1843,train,FR
5188,train,FR
4795,train,FR
2920,train,NFR
5413,train,FR
2163,train,NFR
5038,train,NFR
5234,train,NFR
771,train,NFR
1065,train,NFR
2851,train,FR
1071,train,NFR
5683,train,FR
4541,train,FR
4285,train,NFR
4788,train,FR
5191,train,FR
1698,train,FR
3974,train,FR
3086,train,NFR
185,train,FR
5992,train,FR
1314,train,NFR
1711,train,NFR
4932,train,FR
5694,train,NFR
1665,train,FR
2892,train,FR
3216,train,FR
4089,train,FR
2559,train,FR
5006,train,FR
1662,train,FR
320,train,FR
5346,train,FR
1257,train,NFR
1483,train,NFR
855,train,NFR
4884,train,FR
4155,train,FR
2158,train,NFR
593,train,NFR
494,train,NFR
1371,train,FR
2132,train,FR
4547,train,NFR
1413,train,FR
2226,train,FR
229,train,FR
4516,train,NFR
938,train,FR
4778,train,NFR
5084,train,FR
2965,train,FR
2323,train,FR
4098,train,NFR
5160,train,FR
5339,train,FR
5075,train,NFR
2379,train,FR
933,train,FR
2621,train,NFR
3784,train,FR
1287,train,FR
5112,train,NFR
5286,train,NFR
2333,train,NFR
4092,train,FR
4179,train,NFR
1780,train,FR
4412,train,FR
851,train,NFR
2529,train,NFR
230,train,FR
3505,train,NFR
2296,train,FR
4198,train,NFR
572,train,FR
2829,train,NFR
549,train,FR
1367,train,FR
2412,train,FR
1027,train,NFR
1990,train,FR
3164,train,NFR
6064,train,FR
1319,train,NFR
675,train,FR
1944,train,FR
1893,train,NFR
1210,train,FR
2755,train,FR
4672,train,FR
3737,train,FR
4214,train,FR
544,train,FR
2736,train,NFR
5642,train,NFR
3195,train,FR
712,train,FR
6069,train,FR
753,train,FR
2126,train,FR
437,train,FR
3243,train,FR
2107,train,NFR
2072,train,NFR
746,train,FR
4877,train,NFR
4524,train,FR
5244,train,FR
5338,train,FR
4916,train,FR
178,train,FR
236,train,FR
2653,train,FR
2295,train,FR
3175,train,FR
1499,train,FR
5189,train,FR
3239,train,FR
2066,train,NFR
5715,train,NFR
3942,train,FR
816,train,FR
2687,train,NFR
869,train,NFR
3090,train,FR
6080,train,FR
2521,train,FR
677,train,FR
3741,train,FR
429,train,NFR
5139,train,FR
3201,train,FR
3419,train,NFR
2286,train,FR
1061,train,NFR
708,train,FR
5074,train,NFR
3631,train,FR
2035,train,NFR
5452,train,FR
5297,train,FR
1709,train,NFR
262,train,FR
2771,train,NFR
163,train,FR
3752,train,NFR
3880,train,FR
1378,train,NFR
3484,train,NFR
4936,train,FR
1950,train,FR
2820,train,FR
1603,train,FR
5928,train,NFR
218,train,FR
5071,train,FR
731,train,FR
515,train,NFR
5209,train,NFR
5093,train,FR
6009,train,NFR
3567,train,FR
5200,train,FR
5912,train,FR
2239,train,FR
1470,train,FR
667,train,FR
2007,train,FR
671,train,FR
807,train,FR
1522,train,FR
3477,train,FR
2922,train,NFR
5382,train,FR
4889,train,NFR
228,train,FR
2307,train,NFR
488,train,NFR
4314,train,FR
2058,train,NFR
3256,train,NFR
3996,train,NFR
4504,train,FR
4277,train,FR
3712,train,FR
3645,train,FR
4940,train,FR
2854,train,FR
1393,train,FR
2862,train,FR
2810,train,FR
5143,train,NFR
935,train,FR
5454,train,FR
5409,train,NFR
1481,train,FR
4683,train,FR
4563,train,NFR
5271,train,FR
1379,train,NFR
3788,train,FR
3338,train,FR
1866,train,NFR
4358,train,NFR
3203,train,FR
1952,train,FR
2414,train,FR
3842,train,FR
38,train,NFR
61,train,NFR
1166,train,FR
2330,train,NFR
4566,train,NFR
5643,train,NFR
3284,train,FR
4496,train,FR
3168,train,NFR
666,train,FR
4220,train,FR
821,train,FR
4181,train,NFR
5381,train,FR
786,train,FR
3546,train,FR
4812,train,FR
5696,train,NFR
844,train,NFR
1362,train,FR
5493,train,FR
3977,train,FR
4914,train,FR
6104,train,NFR
2311,train,NFR
2121,train,FR
2905,train,FR
40,train,NFR
747,train,NFR
487,train,NFR
4475,train,FR
3148,train,FR
1531,train,FR
1118,train,NFR
4030,train,FR
5215,train,NFR
4697,train,FR
3357,train,FR
3235,train,NFR
5050,train,FR
4702,train,FR
2514,train,FR
201,train,FR
5831,train,FR
4477,train,FR
1946,train,FR
6049,train,NFR
4267,train,FR
380,train,FR
4082,train,FR
998,train,NFR
3351,train,NFR
4774,train,FR
3039,train,FR
371,train,FR
2987,train,FR
3770,train,FR
1805,train,NFR
5732,train,NFR
5245,train,FR
4127,train,FR
1342,train,FR
4748,train,NFR
5342,train,FR
5528,train,FR
85,train,NFR
2785,train,NFR
2152,train,NFR
5457,train,NFR
1396,train,FR
3735,train,FR
5880,train,FR
293,train,FR
5321,train,NFR
5343,train,FR
2415,train,FR
309,train,FR
319,train,FR
3693,train,NFR
2326,train,NFR
1386,train,FR
4444,train,FR
3142,train,NFR
2894,train,FR
13,train,NFR
6000,train,FR
47,train,NFR
5825,train,FR
3190,train,FR
4670,train,FR
4002,train,FR
2179,train,FR
3261,train,FR
3817,train,FR
1236,train,NFR
1245,train,NFR
475,train,NFR
1773,train,FR
257,train,FR
3135,train,NFR
5372,train,NFR
5783,train,FR
3265,train,FR
2805,train,FR
5397,train,NFR
1209,train,FR
1815,train,FR
3736,train,FR
563,train,FR
3424,train,NFR
1839,train,FR
3184,train,FR
3700,train,FR
4781,train,NFR
5335,train,FR
4458,train,FR
1878,train,FR
3959,train,NFR
4463,train,FR
957,train,FR
5486,train,FR
5995,train,FR
146,train,FR
1824,train,FR
3062,train,FR
1480,train,FR
2801,train,NFR
2336,train,FR
1582,train,FR
2871,train,FR
4659,train,FR
3944,train,FR
5441,train,NFR
4108,train,NFR
3717,train,FR
1529,train,FR
2503,train,NFR
4390,train,FR
3872,train,FR
479,train,NFR
620,train,FR
2573,train,FR
670,train,FR
3347,train,FR
1713,train,FR
1627,train,NFR
5477,train,FR
3434,train,FR
472,train,NFR
3689,train,NFR
5475,train,FR
1156,train,FR
3774,train,FR
1961,train,NFR
2322,train,FR
1468,train,FR
2814,train,FR
2364,train,FR
6105,train,NFR
5770,train,NFR
3312,train,FR
5621,train,NFR
5987,train,FR
2170,train,NFR
6088,train,FR
5905,train,FR
3356,train,FR
915,train,NFR
4678,train,FR
2461,train,FR
5507,train,NFR
1590,train,NFR
4803,train,FR
2826,train,NFR
356,train,FR
3967,train,FR
3523,train,FR
5447,train,NFR
5602,train,FR
4165,train,NFR
2953,train,NFR
5385,train,FR
3563,train,FR
5580,train,FR
5256,train,FR
3948,train,FR
856,train,NFR
2137,train,FR
564,train,FR
2625,train,FR
1288,train,FR
159,train,FR
89,train,NFR
725,train,FR
1081,train,NFR
1685,train,NFR
2236,train,FR
4173,train,NFR
619,train,FR
3459,train,NFR
2679,train,NFR
4023,train,FR
317,train,FR
2754,train,FR
3579,train,FR
1936,train,FR
3979,train,FR
4283,train,NFR
5292,train,NFR
2858,train,FR
310,train,FR
426,train,NFR
302,train,FR
5501,train,NFR
106,train,FR
4388,train,FR
618,train,FR
2947,train,FR
4986,train,NFR
5344,train,FR
4591,train,FR
443,train,NFR
2477,train,FR
1775,train,FR
358,train,FR
4641,train,FR
5771,train,NFR
859,train,NFR
1472,train,FR
2457,train,FR
858,train,NFR
3681,train,FR
3179,train,FR
4026,train,FR
5948,train,NFR
2532,train,NFR
3592,train,NFR
170,train,FR
3355,train,FR
655,train,FR
2496,train,FR
5917,train,FR
1412,train,FR
3682,train,FR
5273,train,NFR
1305,train,FR
3939,train,FR
1488,train,NFR
1547,train,FR
4250,train,NFR
5480,train,FR
824,train,FR
1467,train,FR
168,train,FR
4579,train,FR
2932,train,FR
894,train,NFR
2030,train,FR
3628,train,FR
2728,train,FR
3891,train,FR
3895,train,FR
2362,train,FR
4999,train,NFR
1597,train,FR
5393,train,NFR
4114,train,FR
665,train,FR
5429,train,FR
4110,train,FR
4717,train,NFR
1465,train,FR
292,train,FR
1991,train,FR
833,train,NFR
922,train,FR
5482,train,FR
4051,train,NFR
4730,train,FR
2116,train,NFR
1312,train,NFR
3435,train,FR
2076,train,NFR
5358,train,FR
5091,train,FR
5261,train,FR
5379,train,FR
5134,train,FR
4104,train,NFR
1353,train,FR
5827,train,FR
2733,train,NFR
191,train,FR
4240,train,NFR
546,train,FR
4188,train,NFR
5543,train,FR
2347,train,NFR
6046,train,NFR
2282,train,FR
4583,train,FR
871,train,NFR
387,train,FR
3077,train,NFR
3976,train,FR
3845,train,FR
328,train,FR
4447,train,FR
3899,train,FR
1046,train,FR
3181,train,FR
3019,train,FR
5269,train,FR
3220,train,FR
5436,train,NFR
5496,train,FR
2603,train,FR
34,train,NFR
151,train,FR
5412,train,NFR
3460,train,NFR
4603,train,NFR
6015,train,NFR
4809,train,FR
2223,train,FR
436,train,FR
1762,train,FR
2363,train,FR
353,train,FR
21,train,NFR
4708,train,FR
3670,train,FR
4855,train,FR
3769,train,FR
5367,train,NFR
2976,train,NFR
3391,train,FR
941,train,FR
5279,train,FR
907,train,FR
407,train,FR
3141,train,NFR
3744,train,FR
3169,train,FR
2205,train,FR
3161,train,NFR
1265,train,NFR
6106,train,NFR
2540,train,FR
5218,train,NFR
1942,train,FR
3516,train,FR
3697,train,NFR
5148,train,NFR
1969,train,NFR
5484,train,FR
723,train,FR
489,train,NFR
2410,train,FR
5559,train,FR
4557,train,NFR
4723,train,NFR
5579,train,FR
1521,train,FR
2207,train,FR
2752,train,FR
5751,train,FR
3329,train,FR
617,train,FR
4139,train,FR
1055,train,NFR
5549,train,FR
2872,train,FR
440,train,NFR
5923,train,NFR
3081,train,NFR
932,train,FR
306,train,FR
1125,train,NFR
5920,train,FR
2612,train,NFR
1731,train,FR
5773,train,NFR
669,train,FR
2167,train,NFR
3466,train,FR
1024,train,NFR
3474,train,FR
1852,train,FR
237,train,FR
2984,train,FR
5455,train,FR
2494,train,FR
4922,train,NFR
2031,train,NFR
242,train,FR
2174,train,FR
2459,train,FR
340,train,NFR
4182,train,NFR
330,train,FR
3656,train,NFR
5239,train,FR
1671,train,FR
4457,train,FR
3710,train,FR
837,train,NFR
367,train,FR
2218,train,NFR
5208,train,FR
780,train,FR
2701,train,FR
3732,train,FR
1364,train,FR
2865,train,FR
2138,train,FR
978,train,FR
823,train,FR
2933,train,FR
4324,train,FR
4599,train,NFR
3162,train,NFR
2122,train,FR
3422,train,NFR
5365,train,NFR
1381,train,FR
4768,train,FR
5236,train,NFR
872,train,NFR
409,train,FR
3955,train,FR
3421,train,NFR
2310,train,NFR
50,train,NFR
1718,train,FR
2998,train,NFR
4135,train,FR
3165,train,NFR
774,train,NFR
5252,train,NFR
5317,train,NFR
699,train,FR
1162,train,FR
542,train,FR
3920,train,NFR
3275,train,NFR
1601,train,FR
952,train,FR
3260,train,FR
2450,train,FR
1466,train,FR
1281,train,FR
5787,train,FR
3739,train,FR
5110,train,NFR
4655,train,NFR
4490,train,FR
3890,train,FR
2584,train,FR
5399,train,FR
4561,train,NFR
2028,train,FR
1525,train,FR
5106,train,NFR
3327,train,FR
3438,train,FR
5663,train,FR
2969,train,FR
5627,train,FR
5193,train,FR
6093,train,FR
1158,train,FR
4595,train,NFR
6090,train,FR
711,train,FR
3852,train,FR
1883,train,FR
1954,train,FR
4531,train,FR
5816,train,NFR
1317,train,NFR
541,train,FR
3339,train,FR
3307,train,FR
4404,train,FR
4025,train,FR
1275,train,FR
4264,train,FR
1444,train,NFR
681,train,FR
3002,train,NFR
4790,train,FR
73,train,NFR
610,train,NFR
1392,train,FR
1234,train,NFR
902,train,NFR
3935,train,FR
5355,train,FR
4775,train,NFR
1836,train,FR
1320,train,NFR
594,train,NFR
4176,train,NFR
5024,train,FR
649,train,FR
6014,train,NFR
4223,train,FR
2831,train,FR
3034,train,FR
3337,train,FR
4049,train,NFR
2395,train,FR
4246,train,NFR
3240,train,FR
5790,train,FR
3149,train,FR
1999,train,FR
2542,train,FR
4630,train,NFR
420,train,FR
3105,train,FR
2534,train,NFR
3781,train,FR
2852,train,FR
3630,train,FR
4115,train,FR
598,train,NFR
1933,train,FR
3475,train,FR
5117,train,NFR
1213,train,FR
5754,train,FR
3322,train,NFR
4274,train,FR
4661,train,FR
4074,train,FR
2560,train,FR
2041,train,FR
1263,train,NFR
6002,train,FR
1302,train,FR
2978,train,NFR
473,train,NFR
2824,train,NFR
477,train,NFR
1833,train,FR
4634,train,FR
1008,train,FR
5604,train,NFR
3698,train,FR
2846,train,FR
5384,train,FR
5746,train,FR
3599,train,NFR
139,train,FR
5424,train,FR
4807,train,FR
2320,train,FR
3228,train,FR
5710,train,NFR
4243,train,NFR
1306,train,NFR
5950,train,NFR
2781,train,NFR
3227,train,FR
5013,train,FR
164,train,FR
4263,train,FR
5255,train,NFR
3198,train,FR
175,train,FR
1684,train,NFR
3995,train,FR
2730,train,FR
5119,train,NFR
1476,train,FR
1602,train,FR
4128,train,FR
1001,train,FR
66,train,NFR
3119,train,FR
4287,train,NFR
3707,train,FR
1327,train,NFR
3714,train,FR
2240,train,FR
873,train,NFR
5678,train,FR
3595,train,NFR
1331,train,FR
4755,train,NFR
5971,train,FR
3578,train,FR
3588,train,NFR
1748,train,FR
3199,train,FR
2997,train,NFR
2036,train,NFR
710,train,FR
4069,train,FR
1594,train,FR
2792,train,NFR
1092,train,FR
4997,train,NFR
4534,train,FR
1997,train,FR
5639,train,FR
4570,train,NFR
3483,train,FR
2700,train,FR
1267,train,NFR
3233,train,NFR
2495,train,FR
1902,train,NFR
1436,train,FR
2964,train,FR
4147,train,FR
2543,train,FR
3871,train,FR
4442,train,FR
1246,train,NFR
3253,train,NFR
4607,train,NFR
108,train,FR
3465,train,FR
3151,train,FR
5092,train,FR
4669,train,FR
1800,train,FR
1422,train,FR
2507,train,NFR
3679,train,FR
4744,train,FR
1241,train,NFR
900,train,NFR
6061,train,FR
3132,train,NFR
6062,train,FR
4567,train,NFR
1599,train,FR
1837,train,FR
745,train,FR
3937,train,FR
5471,train,FR
2104,train,NFR
3091,train,FR
4642,train,FR
5585,train,FR
3764,train,FR
3840,train,FR
4133,train,FR
772,train,NFR
5378,train,FR
2050,train,NFR
4301,train,FR
1523,train,FR
4228,train,FR
752,train,FR
35,train,NFR
2840,train,NFR
416,train,FR
441,train,NFR
5101,train,NFR
1588,train,NFR
3404,train,FR
848,train,NFR
177,train,FR
3657,train,NFR
5041,train,FR
1023,train,NFR
415,train,FR
103,train,FR
4931,train,FR
2522,train,FR
5494,train,FR
2562,train,FR
1975,train,FR
2166,train,NFR
3660,train,NFR
3369,train,FR
2720,train,FR
5062,train,FR
4380,train,FR
5229,train,FR
3771,train,FR
4354,train,NFR
2756,train,FR
1753,train,FR
3824,train,NFR
2101,train,NFR
3428,train,FR
5046,train,FR
5613,train,FR
3101,train,NFR
4559,train,NFR
2611,train,NFR
3830,train,FR
4439,train,FR
4969,train,NFR
3651,train,FR
543,train,FR
2518,train,FR
1457,train,FR
476,train,NFR
1858,train,FR
5283,train,FR
3381,train,FR
3878,train,FR
5775,train,NFR
4511,train,FR
5909,train,FR
3324,train,NFR
1428,train,FR
3403,train,FR
1980,train,NFR
4058,train,NFR
4252,train,FR
2250,train,FR
5729,train,NFR
1957,train,NFR
2358,train,FR
196,train,FR
3706,train,FR
2850,train,FR
43,train,NFR
501,train,NFR
5268,train,FR
2445,train,FR
2067,train,NFR
3627,train,FR
1296,train,FR
4662,train,FR
5709,train,NFR
950,train,FR
5451,train,FR
4405,train,FR
2812,train,FR
48,train,NFR
1596,train,FR
4293,train,NFR
1781,train,FR
114,train,FR
286,train,FR
5766,train,NFR
4186,train,NFR
614,train,FR
4913,train,FR
628,train,FR
2787,train,NFR
4183,train,NFR
2682,train,NFR
944,train,FR
3799,train,FR
3947,train,FR
2655,train,FR
1141,train,FR
3115,train,FR
4434,train,FR
1562,train,NFR
4306,train,FR
5946,train,NFR
1625,train,NFR
6078,train,FR
1851,train,FR
5055,train,FR
3310,train,FR
2391,train,FR
3030,train,FR
3491,train,FR
830,train,NFR
4288,train,NFR
5320,train,NFR
2884,train,FR
4529,train,FR
2991,train,FR
4278,train,FR
5682,train,FR
3629,train,FR
5449,train,NFR
916,train,FR
5270,train,FR
1741,train,FR
1899,train,NFR
3902,train,FR
5483,train,FR
1792,train,FR
2345,train,NFR
53,train,NFR
867,train,NFR
913,train,NFR
1079,train,NFR
3923,train,NFR
2044,train,FR
4656,train,FR
1631,train,NFR
44,train,NFR
4537,train,FR
3051,train,FR
3249,train,FR
198,train,FR
4923,train,NFR
3033,train,FR
2161,train,NFR
1277,train,FR
3649,train,FR
1496,train,FR
5594,train,FR
2474,train,FR
5870,train,NFR
2164,train,NFR
5570,train,NFR
2986,train,FR
6112,train,NFR
3618,train,FR
413,train,FR
1570,train,FR
5780,train,FR
3377,train,NFR
2659,train,FR
325,train,FR
3724,train,FR
506,train,NFR
4152,train,FR
1935,train,FR
1715,train,FR
4044,train,FR
2632,train,FR
3619,train,FR
5603,train,NFR
5535,train,FR
459,train,NFR
5035,train,NFR
2180,train,FR
3984,train,FR
965,train,FR
661,train,FR
5516,train,NFR
4806,train,FR
3494,train,FR
5717,train,FR
329,train,FR
3761,train,FR
2498,train,FR
3290,train,FR
15,train,NFR
5043,train,FR
3989,train,FR
3058,train,FR
142,train,FR
1846,train,FR
4083,train,FR
3387,train,NFR
3120,train,FR
1069,train,NFR
5336,train,FR
1652,train,NFR
3107,train,FR
1144,train,FR
4521,train,FR
2898,train,FR
792,train,FR
294,train,FR
735,train,FR
3320,train,NFR
4272,train,FR
1688,train,NFR
248,train,FR
4081,train,FR
1494,train,FR
3534,train,FR
3106,train,FR
5576,train,FR
3217,train,FR
5962,train,FR
4952,train,FR
4032,train,FR
1111,train,NFR
5331,train,FR
46,train,NFR
2928,train,FR
3304,train,FR
2485,train,FR
1343,train,FR
2328,train,NFR
1219,train,FR
2517,train,FR
1478,train,FR
4738,train,FR
5664,train,FR
2512,train,FR
481,train,NFR
689,train,FR
4710,train,FR
4506,train,FR
131,train,FR
3828,train,NFR
3876,train,FR
2258,train,FR
2616,train,NFR
2108,train,NFR
25,train,NFR
1693,train,FR
1452,train,NFR
4826,train,FR
5276,train,NFR
955,train,FR
4773,train,FR
2175,train,FR
5878,train,FR
1051,train,NFR
1850,train,FR
444,train,NFR
1727,train,FR
2115,train,NFR
703,train,FR
3612,train,NFR
6103,train,NFR
56,train,NFR
1516,train,FR
3816,train,FR
1939,train,FR
2680,train,NFR
31,train,NFR
2346,train,NFR
5758,train,FR
3471,train,FR
3683,train,FR
2638,train,FR
357,train,FR
4608,train,NFR
756,train,FR
4839,train,FR
778,train,FR
2278,train,FR
5743,train,FR
3690,train,NFR
3705,train,FR
3152,train,FR
97,train,FR
5356,train,FR
365,train,NFR
4691,train,FR
6018,train,NFR
6031,train,FR
1981,train,NFR
4413,train,FR
2259,train,FR
5437,train,NFR
5701,train,FR
3561,train,FR
716,train,NFR
1765,train,FR
4651,train,NFR
117,train,FR
2047,train,NFR
1373,train,FR
1498,train,FR
4987,train,NFR
4145,train,FR
1676,train,FR
1050,train,NFR
3804,train,FR
586,train,FR
266,train,FR
281,train,FR
400,train,FR
5132,train,FR
5873,train,NFR
341,train,FR
1938,train,FR
2980,train,FR
1102,train,NFR
966,train,FR
3226,train,FR
2177,train,FR
343,train,FR
947,train,FR
5388,train,FR
3606,train,NFR
5198,train,NFR
92,train,NFR
206,train,FR
5774,train,NFR
4091,train,FR
421,train,FR
1233,train,NFR
3975,train,FR
3983,train,FR
4020,train,NFR
1638,train,FR
513,train,NFR
3478,train,FR
4079,train,FR
4750,train,NFR
3931,train,FR
4720,train,NFR
254,train,FR
4298,train,NFR
4162,train,NFR
339,train,FR
4132,train,FR
769,train,NFR
277,train,FR
145,train,FR
3918,train,NFR
3456,train,NFR
4166,train,NFR
5996,train,FR
2827,train,NFR
3023,train,FR
4466,train,NFR
4077,train,FR
4903,train,NFR
2990,train,FR
799,train,FR
1337,train,FR
773,train,NFR
285,train,FR
5196,train,NFR
2895,train,FR
5863,train,NFR
4624,train,NFR
5077,train,NFR
2444,train,FR
2685,train,NFR
4038,train,FR
878,train,NFR
1078,train,NFR
892,train,NFR
238,train,FR
483,train,NFR
4365,train,NFR
1835,train,FR
1383,train,FR
1355,train,FR
5764,train,NFR
3258,train,FR
1970,train,NFR
1518,train,FR
3568,train,FR
124,train,FR
1228,train,FR
5571,train,NFR
2568,train,FR
3394,train,FR
49,train,NFR
4452,train,FR
1821,train,FR
2380,train,FR
2996,train,NFR
5966,train,FR
4028,train,FR
1735,train,FR
2,train,NFR
4491,train,FR
5902,train,NFR
5846,train,FR
5723,train,FR
1174,train,FR
3092,train,FR
583,train,FR
5505,train,NFR
1439,train,FR
4303,train,FR
3671,train,FR
5967,train,FR
2549,train,FR
478,train,NFR
5657,train,FR
5416,train,FR
1642,train,FR
2186,train,NFR
1885,train,FR
5190,train,FR
4731,train,FR
2297,train,FR
2393,train,FR
6089,train,FR
1982,train,NFR
4270,train,FR
6048,train,NFR
3197,train,FR
1669,train,FR
1226,train,FR
4523,train,FR
5431,train,NFR
5660,train,FR
1104,train,NFR
1009,train,FR
5058,train,FR
5911,train,FR
233,train,FR
4111,train,FR
5020,train,FR
763,train,FR
3042,train,FR
3124,train,FR
2162,train,NFR
961,train,FR
5677,train,FR
2037,train,NFR
2265,train,FR
1108,train,NFR
1907,train,FR
4980,train,NFR
3694,train,NFR
3170,train,FR
2467,train,FR
3067,train,FR
4814,train,FR
3847,train,FR
3368,train,FR
815,train,NFR
1356,train,FR
2357,train,FR
3309,train,FR
4588,train,FR
4130,train,FR
3068,train,FR
5003,train,FR
5674,train,FR
5460,train,NFR
927,train,FR
1666,train,FR
5598,train,FR
4494,train,FR
427,train,NFR
994,train,NFR
4695,train,FR
1464,train,FR
5439,train,NFR
4011,train,FR
4904,train,NFR
4967,train,NFR
3587,train,NFR
732,train,FR
2271,train,FR
5608,train,FR
5833,train,FR
2830,train,NFR
1042,train,FR
1964,train,NFR
4968,train,NFR
2486,train,FR
864,train,NFR
4576,train,FR
604,train,NFR
4709,train,FR
1834,train,FR
5408,train,NFR
3727,train,FR
1963,train,NFR
796,train,NFR
1897,train,NFR
225,train,FR
4302,train,FR
464,train,NFR
2878,train,NFR
2416,train,FR
5104,train,NFR
17,train,NFR
301,train,FR
4090,train,FR
3620,train,FR
3674,train,FR
783,train,FR
91,train,NFR
5383,train,FR
611,train,NFR
650,train,FR
4307,train,FR
1096,train,FR
2159,train,NFR
4698,train,FR
134,train,FR
1175,train,FR
1578,train,FR
5311,train,FR
2334,train,FR
1621,train,NFR
5306,train,FR
5290,train,NFR
526,train,NFR
4635,train,FR
5929,train,NFR
659,train,FR
5095,train,FR
2739,train,NFR
5526,train,FR
797,train,FR
4420,train,FR
1006,train,FR
5954,train,NFR
2777,train,NFR
3924,train,NFR
3437,train,FR
2304,train,NFR
4574,train,FR
1628,train,NFR
5206,train,FR
268,train,FR
5102,train,NFR
5534,train,FR
2539,train,FR
1232,train,FR
100,train,FR
3315,train,NFR
5028,train,FR
5759,train,NFR
5352,train,FR
2426,train,FR
555,train,NFR
5187,train,FR
5628,train,FR
3605,train,NFR
8,train,NFR
4294,train,NFR
1294,train,FR
2153,train,NFR
2914,train,NFR
2032,train,NFR
1789,train,FR
4989,train,NFR
3821,train,FR
5730,train,NFR
1827,train,FR
3209,train,FR
3851,train,FR
832,train,NFR
1493,train,NFR
5398,train,FR
3305,train,FR
5105,train,NFR
4012,train,NFR
3956,train,FR
911,train,FR
4906,train,NFR
519,train,NFR
101,train,FR
2731,train,FR
930,train,NFR
3550,train,NFR
828,train,FR
3038,train,FR
3877,train,FR
265,train,FR
42,train,NFR
660,train,FR
4456,train,FR
5022,train,FR
1790,train,FR
5651,train,FR
535,train,FR
4146,train,FR
3242,train,FR
3212,train,FR
718,train,NFR
2493,train,FR
5461,train,FR
245,train,FR
663,train,FR
1214,train,FR
3398,train,FR
3545,train,FR
1035,train,FR
2000,train,FR
2636,train,FR
986,train,FR
5500,train,NFR
5887,train,FR
5115,train,NFR
3503,train,NFR
4351,train,NFR
3625,train,FR
2992,train,FR
1395,train,FR
3354,train,NFR
5522,train,FR
1791,train,FR
499,train,NFR
3075,train,NFR
3202,train,FR
1426,train,FR
3128,train,FR
1906,train,NFR
4953,train,FR
3569,train,FR
4769,train,FR
2634,train,FR
4095,train,NFR
1218,train,FR
5222,train,FR
1497,train,FR
5440,train,NFR
222,train,FR
2376,train,FR
4707,train,FR
3467,train,FR
4925,train,NFR
5952,train,NFR
787,train,FR
5784,train,FR
3632,train,FR
2131,train,FR
1022,train,NFR
737,train,FR
5322,train,NFR
861,train,NFR
5517,train,NFR
4522,train,FR
3643,train,FR
5745,train,FR
975,train,FR
2235,train,FR
2707,train,NFR
3147,train,FR
1721,train,FR
5641,train,FR
6017,train,NFR
3016,train,FR
1940,train,FR
6066,train,FR
4682,train,FR
5789,train,FR
4763,train,FR
4064,train,FR
1064,train,NFR
3887,train,FR
943,train,FR
5515,train,NFR
2550,train,FR
1823,train,FR
4509,train,FR
3017,train,FR
4703,train,FR
2017,train,FR
5316,train,NFR
4660,train,FR
3373,train,NFR
2195,train,NFR
249,train,FR
5166,train,FR
3396,train,FR
2267,train,FR
4374,train,FR
625,train,FR
4944,train,FR
3833,train,FR
5804,train,FR
4304,train,FR
2592,train,FR
2189,train,NFR
1829,train,FR
4031,train,FR
395,train,FR
2837,train,FR
5796,train,FR
967,train,FR
523,train,NFR
1435,train,FR
5553,train,FR
3691,train,NFR
817,train,FR
822,train,NFR
2608,train,NFR
4544,train,NFR
536,train,FR
5502,train,NFR
4229,train,FR
5542,train,FR
3208,train,FR
3647,train,FR
4777,train,NFR
5560,train,FR
5906,train,FR
2649,train,FR
3257,train,FR
3553,train,NFR
2617,train,NFR
1910,train,FR
2536,train,NFR
4048,train,NFR
2249,train,FR
2324,train,FR
1745,train,FR
5631,train,NFR
989,train,NFR
1438,train,FR
3218,train,FR
4810,train,FR
3547,train,NFR
5049,train,FR
1376,train,FR
2262,train,FR
3035,train,FR
5859,train,NFR
4939,train,FR
4716,train,NFR
1661,train,NFR
2869,train,FR
3766,train,NFR
4196,train,NFR
4244,train,NFR
4150,train,FR
5186,train,FR
3433,train,FR
806,train,FR
2244,train,FR
1795,train,FR
5915,train,FR
2985,train,FR
4971,train,NFR
939,train,FR
4979,train,NFR
3783,train,FR
4185,train,NFR
491,train,FR
3372,train,NFR
4208,train,FR
232,train,FR
3893,train,FR
5610,train,FR
4438,train,FR
307,train,FR
5637,train,FR
3380,train,FR
4741,train,FR
2712,train,NFR
5183,train,FR
3755,train,FR
4483,train,FR
6114,train,NFR
122,train,FR
3903,train,FR
2360,train,FR
5779,train,FR
3731,train,FR
4451,train,FR
349,train,FR
5406,train,FR
2441,train,FR
1475,train,FR
2841,train,NFR
6055,train,FR
2308,train,NFR
2064,train,FR
4326,train,FR
4960,train,FR
6019,train,NFR
4453,train,FR
980,train,FR
3584,train,FR
2243,train,FR
1227,train,FR
3450,train,NFR
1253,train,NFR
2338,train,FR
5561,train,FR
2807,train,FR
1766,train,FR
1934,train,FR
1274,train,FR
363,train,NFR
673,train,FR
4891,train,NFR
3241,train,FR
682,train,FR
3968,train,FR
3176,train,FR
3673,train,FR
4427,train,FR
550,train,FR
3728,train,FR
1754,train,FR
1429,train,FR
5716,train,FR
1099,train,NFR
5163,train,FR
4322,train,FR
1149,train,FR
1758,train,FR
5540,train,FR
5835,train,FR
1495,train,FR
3330,train,NFR
6075,train,FR
4497,train,FR
2453,train,FR
2564,train,FR
509,train,NFR
14,train,NFR
5157,train,FR
4394,train,FR
1949,train,FR
5712,train,NFR
4207,train,FR
4433,train,NFR
2029,train,FR
6096,train,FR
4093,train,FR
127,train,FR
4551,train,NFR
3326,train,FR
5625,train,FR
688,train,FR
1338,train,FR
2695,train,FR
3280,train,NFR
743,train,FR
1242,train,NFR
3334,train,NFR
5137,train,FR
1889,train,NFR
1785,train,FR
4862,train,NFR
2434,train,FR
2635,train,FR
3639,train,FR
706,train,FR
2052,train,NFR
5300,train,FR
2927,train,NFR
562,train,NFR
4353,train,NFR
3418,train,NFR
587,train,FR
1358,train,FR
3345,train,NFR
5615,train,FR
5327,train,NFR
5650,train,FR
5985,train,FR
2204,train,FR
3510,train,NFR
1087,train,FR
4015,train,NFR
3834,train,FR
1091,train,FR
4657,train,FR
3314,train,FR
1354,train,FR
5900,train,NFR
2952,train,NFR
1845,train,FR
4171,train,NFR
2270,train,FR
3009,train,FR
590,train,NFR
3994,train,FR
3722,train,FR
2289,train,FR
2290,train,FR
4202,train,NFR
3801,train,FR
2471,train,FR
2876,train,NFR
1799,train,FR
2942,train,FR
3973,train,FR
3457,train,NFR
5541,train,FR
2610,train,NFR
5868,train,NFR
3536,train,FR
6043,train,NFR
3560,train,FR
3488,train,NFR
2912,train,FR
2061,train,FR
1943,train,FR
5363,train,NFR
5817,train,NFR
5680,train,FR
5030,train,NFR
2828,train,NFR
2224,train,FR
1235,train,NFR
1606,train,FR
2051,train,NFR
4315,train,FR
2600,train,FR
4337,train,FR
5495,train,FR
3571,train,FR
4478,train,FR
5693,train,NFR
4542,train,FR
1168,train,FR
1743,train,FR
3487,train,NFR
4448,train,FR
1503,train,FR
1157,train,FR
5337,train,FR
2637,train,FR
1221,train,FR
2711,train,NFR
4221,train,FR
2948,train,FR
5267,train,FR
4758,train,NFR
4054,train,NFR
5289,train,NFR
458,train,NFR
3846,train,FR
860,train,NFR
4441,train,FR
74,train,NFR
93,train,NFR
3614,train,NFR
3021,train,FR
5017,train,FR
1212,train,FR
2464,train,FR
740,train,FR
148,train,FR
2995,train,NFR
697,train,FR
1145,train,FR
176,train,FR
439,train,FR
3441,train,FR
5025,train,FR
6034,train,FR
5977,train,NFR
2125,train,FR
4407,train,FR
808,train,FR
3287,train,FR
1958,train,NFR
2018,train,FR
5466,train,NFR
4190,train,NFR
3777,train,FR
5700,train,FR
5181,train,FR
2478,train,FR
4507,train,FR
4650,train,NFR
1072,train,NFR
1736,train,FR
1159,train,FR
4975,train,NFR
1160,train,FR
2406,train,FR
928,train,NFR
692,train,FR
1445,train,NFR
5805,train,FR
4057,train,NFR
83,train,NFR
988,train,FR
553,train,FR
5978,train,NFR
585,train,FR
1360,train,FR
1678,train,NFR
3696,train,NFR
3832,train,FR
2524,train,FR
3406,train,FR
5007,train,FR
4172,train,NFR
5583,train,FR
5126,train,NFR
4157,train,FR
2283,train,FR
4872,train,FR
1340,train,FR
2385,train,NFR
2015,train,FR
3751,train,NFR
5514,train,NFR
2979,train,FR
5935,train,FR
2974,train,FR
338,train,NFR
3040,train,FR
4924,train,NFR
2508,train,NFR
2497,train,FR
1557,train,FR
4249,train,NFR
1998,train,FR
3194,train,FR
1600,train,FR
2055,train,NFR
4148,train,FR
4964,train,NFR
2276,train,FR
3288,train,FR
2013,train,FR
4958,train,FR
5164,train,FR
2714,train,NFR
5129,train,NFR
5645,train,NFR
3917,train,NFR
827,train,FR
133,train,FR
5711,train,NFR
6054,train,FR
4403,train,FR
123,train,FR
3029,train,FR
4984,train,NFR
454,train,NFR
4548,train,NFR
4629,train,NFR
5850,train,FR
187,train,FR
3506,train,NFR
5973,train,FR
2794,train,NFR
350,train,FR
1825,train,FR
2261,train,FR
567,train,FR
6099,train,FR
2014,train,FR
2285,train,FR
3749,train,NFR
4231,train,FR
5554,train,FR
3988,train,FR
2853,train,FR
2925,train,NFR
3589,train,NFR
2945,train,FR
3742,train,FR
4481,train,FR
1350,train,FR
2237,train,FR
3528,train,FR
2595,train,FR
664,train,FR
2294,train,FR
3940,train,FR
4029,train,FR
326,train,FR
5592,train,FR
401,train,FR
885,train,NFR
2762,train,NFR
5788,train,FR
3279,train,NFR
5844,train,FR
3065,train,FR
4036,train,FR
118,train,FR
4632,train,FR
2951,train,NFR
6113,train,NFR
4260,train,FR
2668,train,FR
57,train,NFR
3734,train,FR
4131,train,FR
5611,train,FR
3803,train,FR
4926,train,NFR
1896,train,NFR
4290,train,NFR
1558,train,NFR
315,train,FR
5685,train,NFR
945,train,FR
1860,train,FR
3193,train,FR
5877,train,FR
642,train,FR
2911,train,FR
1489,train,NFR
3663,train,NFR
984,train,FR
841,train,NFR
3604,train,NFR
303,train,FR
2941,train,FR
2732,train,NFR
4602,train,NFR
1101,train,NFR
4437,train,FR
2678,train,NFR
252,train,FR
4593,train,FR
1909,train,FR
5989,train,FR
5145,train,NFR
886,train,NFR
5435,train,NFR
2465,train,FR
3420,train,NFR
263,train,FR
643,train,FR
3117,train,FR
2188,train,NFR
1987,train,FR
6084,train,FR
5888,train,FR
2288,train,FR
1672,train,FR
5741,train,FR
5609,train,FR
3882,train,FR
4068,train,FR
5830,train,FR
5600,train,FR
4013,train,NFR
2373,train,FR
3904,train,FR
5026,train,FR
2599,train,FR
3760,train,FR
3646,train,FR
5777,train,FR
1810,train,FR
1016,train,FR
818,train,FR
5896,train,NFR
2370,train,FR
446,train,FR
4067,train,FR
5258,train,FR
1247,train,NFR
1450,train,NFR
4786,train,FR
1080,train,NFR
3603,train,NFR
4230,train,FR
3965,train,FR
5676,train,FR
5876,train,FR
4197,train,NFR
337,train,FR
5898,train,NFR
5263,train,FR
3350,train,FR
2034,train,NFR
1704,train,NFR
3074,train,NFR
1689,train,NFR
1983,train,NFR
167,train,FR
2587,train,FR
863,train,NFR
5099,train,NFR
2646,train,FR
672,train,FR
5448,train,NFR
360,train,FR
4368,train,FR
1877,train,FR
4848,train,FR
150,train,FR
3114,train,FR
3855,train,FR
4668,train,FR
2247,train,FR
4061,train,NFR
5633,train,NFR
1113,train,NFR
3715,train,FR
2908,train,FR
2903,train,FR
3866,train,FR
985,train,FR
3790,train,FR
359,train,FR
2989,train,FR
2799,train,NFR
1318,train,NFR
2191,train,NFR
2499,train,NFR
1321,train,NFR
1697,train,FR
3083,train,NFR
4564,train,NFR
2332,train,NFR
1764,train,FR
4485,train,FR
3129,train,FR
2113,train,NFR
999,train,NFR
5014,train,FR
4468,train,NFR
789,train,NFR
2765,train,NFR
223,train,FR
5087,train,FR
2721,train,FR
1947,train,FR
5815,train,NFR
6005,train,NFR
2746,train,NFR
1173,train,FR
5836,train,FR
607,train,FR
269,train,FR
2967,train,FR
2150,train,FR
2102,train,NFR
4873,train,FR
3725,train,FR
5481,train,FR
4859,train,NFR
1916,train,FR
24,train,NFR
3593,train,NFR
4075,train,FR
1084,train,NFR
4580,train,FR
111,train,FR
3229,train,FR
2475,train,FR
3200,train,FR
866,train,NFR
4359,train,NFR
679,train,FR
4137,train,FR
120,train,FR
5064,train,FR
4613,train,NFR
4248,train,NFR
204,train,FR
2171,train,FR
3263,train,FR
5288,train,NFR
5695,train,NFR
5856,train,FR
4727,train,FR
4489,train,FR
2983,train,FR
3436,train,FR
1163,train,FR
1432,train,FR
3875,train,FR
5918,train,FR
497,train,NFR
4001,train,NFR
5536,train,FR
4879,train,NFR
3591,train,NFR
4488,train,FR
4835,train,FR
2813,train,FR
1854,train,FR
2317,train,FR
275,train,FR
4805,train,FR
840,train,NFR
2845,train,FR
4184,train,NFR
3454,train,NFR
4409,train,FR
4721,train,NFR
976,train,FR
2006,train,FR
5636,train,FR
4546,train,NFR
2394,train,FR
3936,train,FR
1116,train,NFR
4704,train,FR
4203,train,NFR
5478,train,FR
5040,train,FR
1774,train,FR
2427,train,FR
23,train,NFR
3686,train,FR
2242,train,FR
1842,train,FR
82,train,NFR
2511,train,FR
5291,train,NFR
4983,train,NFR
503,train,NFR
4725,train,FR
455,train,NFR
3797,train,FR
1262,train,NFR
5504,train,NFR
6016,train,NFR
220,train,FR
2555,train,FR
2139,train,FR
2046,train,NFR
1409,train,FR
713,train,FR
2065,train,NFR
450,train,NFR
1463,train,FR
3173,train,FR
532,train,FR
2535,train,NFR
5127,train,NFR
3613,train,NFR
1515,train,FR
4930,train,FR
389,train,FR
576,train,FR
1136,train,FR
4266,train,FR
2222,train,FR
5892,train,NFR
1788,train,FR
3103,train,FR
1912,train,FR
4907,train,FR
4845,train,FR
5248,train,NFR
714,train,FR
4901,train,NFR
1659,train,NFR
396,train,FR
3992,train,FR
4309,train,FR
2970,train,FR
3479,train,FR
3308,train,FR
2197,train,NFR
4039,train,FR
2848,train,FR
418,train,FR
4789,train,FR
68,train,NFR
4065,train,FR
2601,train,FR
5617,train,FR
5176,train,NFR
1351,train,FR
3798,train,FR
5727,train,FR
658,train,FR
4978,train,NFR
2693,train,FR
781,train,FR
1038,train,FR
1492,train,NFR
5589,train,FR
4560,train,NFR
4571,train,NFR
4596,train,NFR
2533,train,NFR
1542,train,FR
5713,train,NFR
3941,train,FR
2688,train,NFR
1447,train,NFR
354,train,FR
4269,train,FR
5235,train,NFR
3786,train,FR
3365,train,NFR
2596,train,FR
5513,train,NFR
5329,train,FR
608,train,FR
2483,train,FR
2105,train,NFR
5769,train,NFR
4746,train,FR
2005,train,FR
5903,train,NFR
5797,train,FR
5214,train,NFR
4342,train,NFR
1730,train,FR
5029,train,NFR
2476,train,FR
4242,train,NFR
194,train,FR
1365,train,FR
3024,train,FR
948,train,FR
2284,train,FR
5228,train,FR
2172,train,FR
4536,train,FR
6044,train,NFR
4367,train,NFR
3244,train,FR
3688,train,NFR
322,train,FR
3121,train,FR
644,train,FR
4366,train,NFR
4019,train,NFR
4626,train,NFR
2571,train,FR
4118,train,FR
5829,train,FR
2136,train,FR
2367,train,FR
4623,train,NFR
4199,train,NFR
2211,train,NFR
959,train,FR
3442,train,FR
4847,train,FR
4396,train,NFR
1130,train,NFR
152,train,FR
1857,train,FR
2943,train,FR
5078,train,FR
3458,train,NFR
1034,train,FR
3225,train,FR
923,train,FR
3675,train,FR
1870,train,NFR
2016,train,FR
3333,train,NFR
3295,train,NFR
1654,train,NFR
3549,train,NFR
2301,train,NFR
2337,train,FR
2193,train,NFR
1945,train,FR
4686,train,FR
5794,train,FR
290,train,FR
3012,train,FR
2802,train,NFR
2120,train,FR
2698,train,FR
2275,train,FR
4180,train,NFR
2767,train,NFR
845,train,NFR
5059,train,FR
1164,train,FR
5546,train,FR
5123,train,NFR
5085,train,FR
5027,train,FR
3757,train,FR
648,train,FR
527,train,NFR
2479,train,FR
2342,train,NFR
84,train,NFR
1832,train,FR
767,train,NFR
4666,train,FR
3666,train,FR
4400,train,FR
1725,train,FR
5572,train,NFR
5761,train,NFR
4690,train,FR
1626,train,NFR
1577,train,FR
5612,train,FR
5972,train,FR
402,train,FR
3271,train,NFR
584,train,FR
1133,train,FR
3248,train,FR
3782,train,FR
5997,train,FR
5740,train,FR
4116,train,FR
2502,train,NFR
1530,train,FR
2201,train,FR
2054,train,NFR
4377,train,FR
5807,train,FR
2999,train,NFR
2958,train,NFR
3986,train,FR
926,train,FR
3054,train,FR
4140,train,FR
4247,train,NFR
4056,train,NFR
4138,train,FR
2192,train,NFR
748,train,NFR
4035,train,FR
1751,train,FR
202,train,FR
1514,train,NFR
5990,train,FR
4776,train,NFR
2764,train,NFR
2842,train,NFR
1094,train,FR
1541,train,FR
3910,train,FR
3401,train,FR
5979,train,NFR
405,train,FR
1140,train,FR
432,train,NFR
5147,train,NFR
3785,train,FR
1995,train,FR
2402,train,NFR
5626,train,FR
3281,train,FR
1598,train,FR
2891,train,FR
468,train,NFR
4321,train,FR
814,train,NFR
1491,train,NFR
5068,train,FR
2306,train,NFR
3431,train,FR
1619,train,FR
3665,train,FR
2743,train,NFR
2880,train,NFR
1047,train,FR
4945,train,FR
5052,train,FR
3577,train,FR
5308,train,FR
1707,train,NFR
2340,train,FR
2886,train,FR
5400,train,FR
4622,train,NFR
1471,train,FR
5940,train,FR
4117,train,FR
6026,train,FR
260,train,FR
3837,train,FR
3111,train,FR
5357,train,FR
1763,train,FR
2591,train,FR
2673,train,NFR
414,train,FR
3133,train,NFR
1587,train,NFR
3759,train,FR
2615,train,NFR
2392,train,FR
3609,train,NFR
5047,train,NFR
4540,train,FR
958,train,FR
4088,train,FR
4902,train,NFR
820,train,FR
5135,train,FR
1801,train,FR
5659,train,FR
1841,train,FR
1103,train,NFR
4256,train,FR
678,train,FR
2798,train,NFR
3596,train,NFR
331,train,FR
2585,train,FR
3303,train,FR
4647,train,NFR
5428,train,FR
3522,train,FR
235,train,FR
1259,train,NFR
2811,train,FR
668,train,FR
234,train,FR
3841,train,FR
510,train,NFR
5568,train,NFR
2071,train,NFR
917,train,FR
4711,train,FR
5396,train,NFR
6008,train,NFR
5037,train,NFR
5341,train,FR
4705,train,FR
1573,train,FR
279,train,FR
953,train,FR
4637,train,FR
507,train,NFR
282,train,FR
3131,train,NFR
1153,train,FR
2538,train,NFR
471,train,NFR
5599,train,FR
3126,train,FR
3167,train,NFR
6063,train,FR
5704,train,FR
4378,train,FR
5443,train,NFR
1138,train,FR
5377,train,NFR
138,train,FR
884,train,NFR
398,train,FR
345,train,FR
1036,train,FR
1070,train,NFR
5146,train,NFR
1931,train,FR
4617,train,NFR
5763,train,NFR
4918,train,FR
448,train,FR
4558,train,NFR
4034,train,FR
4429,train,FR
2793,train,NFR
2431,train,FR
4361,train,NFR
5446,train,NFR
1217,train,FR
5955,train,NFR
3110,train,FR
4501,train,FR
4948,train,FR
69,train,NFR
5295,train,NFR
3088,train,FR
1443,train,NFR
2961,train,NFR
3072,train,NFR
5964,train,FR
3049,train,FR
3856,train,FR
449,train,FR
4296,train,NFR
686,train,FR
4328,train,FR
2335,train,FR
3862,train,FR
4486,train,FR
4842,train,FR
1623,train,NFR
1297,train,FR
3951,train,FR
566,train,FR
3318,train,NFR
622,train,FR
5154,train,FR
3934,train,FR
5872,train,NFR
2551,train,FR
645,train,FR
4828,train,FR
1129,train,NFR
2630,train,FR
5442,train,NFR
1152,train,FR
318,train,FR
2446,train,FR
4119,train,FR
3617,train,FR
1984,train,NFR
4129,train,FR
560,train,NFR
2724,train,FR
274,train,FR
919,train,FR
4480,train,FR
1714,train,FR
1566,train,NFR
5420,train,FR
1220,train,FR
2578,train,FR
5083,train,FR
4823,train,FR
2955,train,NFR
5672,train,FR
1777,train,FR
2209,train,NFR
3093,train,FR
3010,train,FR
2371,train,FR
5533,train,FR
3189,train,FR
2654,train,FR
2365,train,FR
791,train,NFR
480,train,NFR
1229,train,FR
77,train,NFR
4040,train,FR
2691,train,FR
1148,train,FR
404,train,FR
3325,train,FR
165,train,FR
5142,train,NFR
81,train,NFR
3139,train,NFR
4003,train,FR
1890,train,NFR
5632,train,NFR
5277,train,FR
3527,train,FR
2274,train,FR
4941,train,FR
4391,train,FR
982,train,FR
2374,train,FR
1458,train,FR
1291,train,FR
1095,train,FR
2782,train,NFR
5018,train,FR
4535,train,FR
1865,train,NFR
5924,train,NFR
2569,train,FR
2505,train,NFR
974,train,FR
6045,train,NFR
548,train,FR
3449,train,NFR
971,train,FR
4841,train,FR
1575,train,FR
3921,train,NFR
4392,train,FR
3453,train,NFR
2657,train,FR
4880,train,NFR
2727,train,FR
4134,train,FR
2772,train,NFR
2506,train,NFR
5584,train,FR
3082,train,NFR
6072,train,FR
1955,train,NFR
3296,train,NFR
1461,train,FR
5725,train,FR
308,train,FR
2913,train,FR
390,train,NFR
174,train,FR
296,train,FR
5867,train,NFR
4959,train,FR
991,train,FR
5822,train,FR
5698,train,FR
3881,train,FR
4021,train,NFR
4955,train,FR
2404,train,NFR
879,train,NFR
4615,train,NFR
4783,train,NFR
4759,train,NFR
162,train,FR
6060,train,FR
3157,train,NFR
1043,train,FR
221,train,FR
4233,train,FR
3685,train,FR
4888,train,NFR
2339,train,FR
3379,train,FR
2421,train,NFR
3323,train,NFR
2480,train,FR
2557,train,FR
3371,train,FR
2866,train,FR
3946,train,FR
1682,train,NFR
485,train,NFR
2456,train,FR
3531,train,FR
1782,train,FR
379,train,FR
2684,train,NFR
1976,train,NFR
5839,train,FR
1797,train,FR
3664,train,FR
4644,train,FR
1176,train,FR
2424,train,NFR
4346,train,NFR
4016,train,NFR
1683,train,NFR
5658,train,FR
983,train,FR
2429,train,FR
4073,train,FR
1941,train,FR
289,train,FR
4920,train,NFR
3445,train,NFR
2900,train,FR
58,train,NFR
5458,train,NFR
4549,train,NFR
1279,train,FR
2804,train,NFR
4063,train,FR
1421,train,FR
2750,train,FR
5417,train,FR
3826,train,NFR
4445,train,FR
2466,train,FR
2268,train,FR
1872,train,NFR
1073,train,NFR
102,train,FR
573,train,FR
109,train,FR
5607,train,FR
3246,train,FR
2469,train,FR
1370,train,FR
4620,train,NFR
5527,train,FR
2401,train,NFR
6092,train,FR
3492,train,FR
1784,train,FR
215,train,FR
4312,train,FR
1333,train,FR
136,train,FR
3100,train,NFR
4912,train,FR
2420,train,NFR
143,train,FR
5,train,NFR
2181,train,FR
751,train,FR
1089,train,FR
2260,train,FR
99,train,FR
997,train,NFR
651,train,FR
4386,train,FR
2791,train,NFR
2692,train,FR
5818,train,FR
5456,train,NFR
2355,train,NFR
116,train,FR
2134,train,FR
4871,train,FR
2001,train,FR
5444,train,NFR
2513,train,FR
5814,train,FR
4341,train,NFR
425,train,FR
2946,train,FR
5792,train,NFR
1992,train,FR
2165,train,NFR
2173,train,FR
4973,train,NFR
422,train,FR
5735,train,FR
5427,train,FR
2863,train,FR
4552,train,NFR
4837,train,FR
5111,train,NFR
457,train,NFR
1828,train,FR
5097,train,FR
3538,train,FR
5686,train,NFR
4687,train,FR
2519,train,FR
1892,train,NFR
3809,train,FR
3570,train,FR
4237,train,NFR
1838,train,FR
4658,train,FR
2128,train,FR
5281,train,FR
2302,train,NFR
5957,train,FR
1387,train,FR
4699,train,FR
1517,train,FR
3451,train,NFR
2146,train,FR
3409,train,FR
1712,train,FR
452,train,NFR
3914,train,FR
1282,train,FR
3997,train,NFR
4633,train,FR
141,train,FR
1548,train,FR
3526,train,FR
1894,train,NFR
2303,train,NFR
1862,train,NFR
366,train,NFR
1053,train,NFR
305,train,FR
3087,train,FR
3537,train,FR
561,train,NFR
1988,train,FR
4050,train,NFR
517,train,NFR
5547,train,FR
4676,train,FR
5347,train,FR
3392,train,FR
1565,train,NFR
5884,train,FR
5988,train,FR
2552,train,FR
2790,train,NFR
62,train,NFR
5237,train,FR
5086,train,FR
1056,train,NFR
2761,train,NFR
2598,train,FR
524,train,NFR
4308,train,FR
2183,train,NFR
6040,train,NFR
67,train,NFR
5133,train,FR
3517,train,FR
4621,train,NFR
1760,train,FR
3177,train,FR
313,train,FR
1769,train,FR
1771,train,FR
3635,train,FR
4201,train,NFR
351,train,FR
2671,train,FR
2463,train,FR
2795,train,NFR
3084,train,NFR
4167,train,NFR
3743,train,FR
695,train,FR
2206,train,FR
2184,train,NFR
2399,train,NFR
1416,train,FR
5798,train,FR
4890,train,NFR
5566,train,NFR
5618,train,FR
800,train,FR
2327,train,NFR
2219,train,FR
460,train,NFR
4008,train,FR
539,train,FR
442,train,NFR
4821,train,FR
2766,train,NFR
1887,train,FR
2020,train,FR
2879,train,NFR
3726,train,FR
795,train,FR
3990,train,FR
1868,train,NFR
2982,train,FR
4022,train,FR
2147,train,FR
6082,train,FR
5307,train,FR
3429,train,FR
4782,train,NFR
4528,train,FR
5793,train,NFR
5874,train,NFR
3464,train,FR
2527,train,FR
2582,train,FR
1861,train,NFR
5849,train,FR
596,train,NFR
3,train,NFR
5294,train,NFR
547,train,FR
996,train,NFR
1172,train,FR
3642,train,FR
5211,train,NFR
1477,train,FR
2704,train,FR
5445,train,NFR
4685,train,FR
3655,train,FR
374,train,FR
1411,train,FR
5558,train,FR
6011,train,NFR
2329,train,NFR
5459,train,NFR
226,train,FR
4883,train,NFR
3933,train,FR
1068,train,NFR
931,train,FR
3991,train,FR
180,train,FR
684,train,FR
3884,train,FR
4305,train,FR
3353,train,NFR
4222,train,FR
5538,train,FR
1224,train,FR
4282,train,NFR
5857,train,FR
2135,train,FR
2039,train,NFR
5296,train,FR
2882,train,NFR
4976,train,NFR
4726,train,FR
3504,train,NFR
2343,train,NFR
2372,train,FR
5826,train,FR
32,train,NFR
2407,train,FR
3733,train,FR
3874,train,FR
3300,train,NFR
637,train,FR
65,train,NFR
2620,train,NFR
5309,train,FR
2554,train,FR
2366,train,FR
5304,train,FR
633,train,FR
344,train,FR
1255,train,NFR
3894,train,FR
1249,train,NFR
881,train,NFR
3559,train,FR
1527,train,FR
3050,train,FR
4006,train,FR
4977,train,NFR
2694,train,FR
812,train,NFR
463,train,NFR
1993,train,FR
4331,train,FR
1388,train,FR
2545,train,NFR
3543,train,FR
6003,train,FR
4344,train,NFR
1334,train,FR
5364,train,NFR
6022,train,NFR
3850,train,FR
5470,train,NFR
5885,train,FR
3331,train,NFR
5060,train,FR
5476,train,FR
2178,train,FR
6095,train,FR
4371,train,FR
4072,train,FR
4609,train,NFR
406,train,FR
3423,train,NFR
1110,train,NFR
776,train,FR
3558,train,NFR
5687,train,NFR
838,train,NFR
3756,train,FR
2384,train,NFR
2874,train,FR
3800,train,FR
4393,train,FR
5949,train,NFR
4724,train,FR
408,train,FR
4500,train,FR
839,train,NFR
45,train,NFR
720,train,FR
52,train,NFR
364,train,NFR
4527,train,FR
3346,train,FR
2002,train,FR
1454,train,NFR
2212,train,NFR
2492,train,FR
3321,train,NFR
3858,train,FR
3205,train,FR
5916,train,FR
1605,train,FR
3573,train,FR
3043,train,FR
3776,train,FR
2833,train,FR
3402,train,FR
1063,train,NFR
918,train,FR
1448,train,NFR
5081,train,FR
1243,train,NFR
392,train,FR
3859,train,FR
1344,train,FR
1767,train,FR
5742,train,FR
3470,train,FR
1849,train,FR
4569,train,NFR
435,train,FR
2832,train,FR
3171,train,FR
5999,train,FR
3754,train,FR
4653,train,NFR
1737,train,FR
3870,train,FR
4124,train,FR
1904,train,NFR
4224,train,FR
518,train,NFR
104,train,FR
5332,train,FR
4942,train,FR
640,train,FR
4493,train,FR
2835,train,FR
484,train,NFR
6032,train,FR
1755,train,FR
2257,train,FR
868,train,NFR
4357,train,NFR
5620,train,NFR
1967,train,NFR
5569,train,NFR
4227,train,FR
2293,train,FR
3003,train,NFR
1106,train,NFR
5719,train,FR
264,train,FR
2396,train,NFR
5349,train,FR
2577,train,FR
1357,train,FR
1122,train,NFR
5531,train,FR
2770,train,NFR
5250,train,NFR
26,train,NFR
1996,train,FR
5545,train,FR
4513,train,FR
1375,train,FR
4192,train,NFR
2656,train,FR
5450,train,FR
906,train,FR
2133,train,FR
5939,train,FR
3283,train,FR
3026,train,FR
788,train,NFR
4431,train,NFR
5240,train,FR
4950,train,FR
1925,train,NFR
4935,train,FR
1328,train,NFR
5169,train,FR
2915,train,NFR
1124,train,NFR
5432,train,NFR
674,train,FR
785,train,FR
399,train,FR
762,train,FR
964,train,FR
470,train,NFR
2666,train,FR
3808,train,FR
2633,train,FR
4225,train,FR
2954,train,NFR
5305,train,FR
5122,train,NFR
1668,train,FR
4663,train,FR
3864,train,FR
1097,train,FR
4484,train,FR
3868,train,FR
2881,train,NFR
4643,train,FR
5155,train,FR
3490,train,NFR
2716,train,FR
419,train,FR
1414,train,FR
3137,train,NFR
5387,train,FR
2975,train,NFR
1986,train,NFR
4706,train,FR
6056,train,FR
3721,train,FR
1437,train,FR
1385,train,FR
2768,train,NFR
5894,train,NFR
3853,train,FR
4160,train,NFR
377,train,FR
1469,train,FR
1624,train,NFR
1258,train,NFR
1490,train,NFR
5666,train,FR
5278,train,FR
2010,train,FR
5858,train,NFR
4729,train,FR
2403,train,NFR
1524,train,FR
3793,train,FR
125,train,FR
805,train,FR
3980,train,FR
461,train,NFR
2774,train,NFR
3622,train,FR
4526,train,FR
70,train,NFR
4785,train,FR
4126,train,FR
1248,train,NFR
2677,train,NFR
327,train,FR
4236,train,NFR
1117,train,NFR
1301,train,FR
2411,train,FR
520,train,NFR
5203,train,FR
5175,train,NFR
3472,train,FR
1105,train,NFR
1549,train,FR
4861,train,NFR
2390,train,FR
2686,train,NFR
5981,train,FR
4684,train,FR
4577,train,FR
2936,train,FR
2926,train,NFR
5141,train,FR
3097,train,FR
1322,train,NFR
312,train,FR
3136,train,NFR
3144,train,NFR
4868,train,FR
3206,train,FR
2070,train,NFR
5593,train,FR
3094,train,FR
2674,train,NFR
2857,train,FR
5220,train,NFR
4385,train,FR
381,train,FR
5469,train,NFR
1794,train,FR
2806,train,FR
5886,train,FR
5076,train,NFR
4694,train,FR
4649,train,NFR
5654,train,FR
5285,train,NFR
5275,train,NFR
5053,train,FR
5523,train,FR
6101,train,FR
597,train,NFR
256,train,FR
2118,train,NFR
2734,train,NFR
3633,train,FR
4498,train,FR
3835,train,FR
2800,train,NFR
161,train,FR
835,train,NFR
3432,train,FR
3462,train,NFR
1512,train,NFR
1031,train,FR
3987,train,FR
4792,train,FR
5361,train,NFR
1571,train,FR
2589,train,FR
4737,train,FR
5366,train,NFR
1433,train,FR
1732,train,FR
2740,train,NFR
2241,train,FR
834,train,NFR
589,train,NFR
968,train,FR
2309,train,NFR
4910,train,FR
3966,train,FR
2769,train,NFR
397,train,FR
862,train,NFR
4573,train,NFR
3390,train,FR
5063,train,FR
3238,train,NFR
157,train,FR
4917,train,FR
4636,train,FR
813,train,NFR
60,train,NFR
3515,train,FR
3341,test,NFR
4937,test,FR
949,test,FR
3251,test,FR
2409,test,FR
2252,test,FR
2060,test,FR
2142,test,FR
2670,test,FR
4689,test,FR
3363,test,NFR
270,test,FR
2885,test,FR
1783,test,FR
5630,test,NFR
1135,test,FR
3252,test,NFR
5463,test,FR
2315,test,FR
3313,test,FR
588,test,NFR
453,test,NFR
3745,test,FR
1816,test,FR
4585,test,FR
599,test,NFR
3439,test,FR
4765,test,FR
4459,test,FR
2710,test,NFR
5422,test,FR
3186,test,FR
4261,test,FR
2386,test,NFR
3720,test,FR
6021,test,NFR
4070,test,FR
3143,test,NFR
2043,test,FR
2468,test,FR
3972,test,FR
4638,test,FR
1054,test,NFR
1062,test,NFR
5565,test,NFR
2641,test,FR
5402,test,FR
1509,test,NFR
3701,test,FR
5544,test,FR
5242,test,FR
6050,test,NFR
4045,test,FR
2648,test,FR
987,test,FR
4268,test,FR
1583,test,NFR
5100,test,NFR
734,test,FR
981,test,FR
3118,test,FR
5961,test,FR
2187,test,NFR
259,test,FR
6087,test,FR
5230,test,FR
6074,test,FR
4121,test,FR
1264,test,NFR
1580,test,FR
3713,test,FR
1848,test,FR
4520,test,FR
3943,test,FR
346,test,FR
4329,test,FR
4151,test,FR
5140,test,FR
5180,test,NFR
2644,test,FR
2651,test,FR
3123,test,FR
3636,test,FR
2738,test,NFR
1270,test,FR
5661,test,FR
2049,test,NFR
1261,test,NFR
431,test,NFR
1419,test,FR
5034,test,NFR
3264,test,FR
1699,test,NFR
782,test,FR
1738,test,FR
1687,test,NFR
3416,test,NFR
4473,test,NFR
4316,test,FR
701,test,FR
5969,test,FR
1251,test,NFR
5178,test,NFR
9,test,NFR
1407,test,FR
1579,test,FR
1044,test,FR
960,test,FR
1869,test,NFR
4369,test,FR
5582,test,FR
1128,test,NFR
3822,test,NFR
3250,test,FR
2462,test,FR
4000,test,NFR
849,test,NFR
1441,test,FR
979,test,FR
4299,test,NFR
5262,test,FR
213,test,FR
370,test,FR
5800,test,FR
6071,test,FR
5411,test,NFR
1335,test,FR
4787,test,FR
5243,test,FR
4175,test,NFR
854,test,NFR
4804,test,FR
1814,test,FR
1535,test,FR
1690,test,NFR
4141,test,FR
4379,test,FR
1120,test,NFR
4465,test,NFR
5913,test,FR
5374,test,NFR
4751,test,NFR
3262,test,FR
568,test,FR
5648,test,FR
940,test,FR
2713,test,NFR
2520,test,FR
4325,test,FR
2859,test,FR
1093,test,FR
4414,test,FR
5182,test,FR
1283,test,FR
4811,test,FR
3485,test,NFR
1556,test,FR
105,test,FR
41,test,NFR
227,test,FR
3672,test,FR
977,test,FR
990,test,FR
4381,test,FR
4211,test,FR
1550,test,FR
730,test,FR
5423,test,FR
5061,test,FR
1812,test,FR
5733,test,FR
1895,test,NFR
5167,test,FR
538,test,FR
1804,test,NFR
4,test,NFR
3292,test,FR
4909,test,FR
2038,test,NFR
1924,test,NFR
1822,test,FR
1716,test,FR
2906,test,FR
4142,test,FR
5319,test,NFR
3001,test,NFR
4586,test,FR
1900,test,NFR
995,test,NFR
2389,test,FR
1123,test,NFR
3873,test,FR
3502,test,FR
2797,test,NFR
1864,test,NFR
4041,test,FR
5257,test,FR
2650,test,FR
3998,test,NFR
905,test,FR
5103,test,NFR
4639,test,FR
2614,test,NFR
5861,test,NFR
3820,test,FR
197,test,FR
1238,test,NFR
2040,test,FR
1733,test,FR
5021,test,FR
634,test,FR
5272,test,FR
1169,test,FR
4921,test,NFR
2940,test,FR
2272,test,FR
1686,test,NFR
717,test,NFR
2491,test,FR
1680,test,NFR
4018,test,NFR
819,test,FR
5226,test,FR
888,test,NFR
1401,test,FR
5539,test,FR
3661,test,NFR
2231,test,FR
3361,test,NFR
5057,test,FR
522,test,NFR
5153,test,NFR
1616,test,FR
5731,test,NFR
5782,test,FR
4892,test,NFR
5705,test,FR
5665,test,FR
362,test,NFR
6118,test,NFR
3985,test,FR
474,test,NFR
5479,test,FR
4033,test,FR
852,test,NFR
2583,test,FR
3426,test,FR
430,test,NFR
158,test,FR
1155,test,FR
5588,test,FR
6047,test,NFR
4674,test,FR
2023,test,NFR
5828,test,FR
1891,test,NFR
5529,test,FR
5899,test,NFR
5799,test,FR
2279,test,FR
632,test,FR
1776,test,FR
4671,test,FR
5421,test,FR
3819,test,FR
2217,test,NFR
5689,test,NFR
4154,test,FR
2658,test,FR
496,test,NFR
3274,test,NFR
647,test,FR
5204,test,NFR
5956,test,NFR
2208,test,FR
5386,test,FR
627,test,FR
284,test,FR
4575,test,FR
4966,test,NFR
3230,test,FR
3400,test,FR
3564,test,FR
2570,test,FR
3582,test,FR
1211,test,FR
4348,test,NFR
5520,test,NFR
5011,test,FR
2117,test,NFR
1121,test,NFR
333,test,FR
130,test,FR
1608,test,FR
1453,test,NFR
4255,test,FR
5993,test,FR
1425,test,FR
3080,test,NFR
2626,test,FR
2580,test,FR
5151,test,NFR
925,test,FR
5065,test,FR
3130,test,NFR
3270,test,FR
5266,test,FR
5951,test,NFR
4760,test,NFR
882,test,NFR
3044,test,FR
5360,test,NFR
5986,test,FR
3259,test,FR
4430,test,FR
3463,test,NFR
4584,test,FR
3938,test,FR
4592,test,FR
2889,test,FR
4487,test,FR
1239,test,NFR
1534,test,FR
4060,test,NFR
95,test,FR
4259,test,FR
4014,test,NFR
33,test,NFR
2488,test,FR
5161,test,FR
3747,test,NFR
490,test,NFR
5241,test,FR
1811,test,FR
2960,test,NFR
4900,test,NFR
3929,test,FR
5760,test,NFR
4168,test,NFR
1230,test,FR
5934,test,FR
4677,test,FR
2119,test,NFR
5922,test,NFR
1962,test,NFR
5669,test,FR
2836,test,FR
5247,test,NFR
4762,test,FR
1252,test,NFR
1400,test,FR
3566,test,FR
251,test,FR
4869,test,FR
4205,test,NFR
638,test,FR
391,test,NFR
5958,test,FR
1377,test,FR
4320,test,FR
1299,test,FR
2530,test,NFR
1165,test,FR
2822,test,NFR
1289,test,FR
3978,test,FR
2899,test,FR
2312,test,NFR
4492,test,FR
2528,test,FR
3521,test,FR
4419,test,FR
1674,test,FR
2547,test,NFR
4289,test,NFR
288,test,FR
2921,test,NFR
929,test,NFR
1003,test,FR
2816,test,FR
2106,test,NFR
4753,test,NFR
811,test,NFR
2669,test,FR
2817,test,FR
4713,test,NFR
3237,test,NFR
2741,test,NFR
1734,test,FR
909,test,FR
2618,test,NFR
6036,test,FR
1679,test,NFR
5573,test,NFR
140,test,FR
4532,test,FR
2902,test,FR
1431,test,FR
2681,test,NFR
4988,test,NFR
3289,test,FR
5893,test,NFR
4156,test,FR
889,test,NFR
3007,test,FR
4718,test,NFR
3906,test,FR
2696,test,FR
2012,test,FR
1798,test,FR
3927,test,FR
3027,test,FR
5080,test,FR
4927,test,NFR
5679,test,FR
1151,test,FR
704,test,FR
3352,test,NFR
3624,test,FR
3598,test,NFR
445,test,NFR
2516,test,FR
2672,test,FR
5293,test,NFR
3031,test,FR
2531,test,NFR
129,test,FR
240,test,FR
4833,test,FR
1717,test,FR
5056,test,FR
5325,test,NFR
1554,test,FR
6025,test,FR
4874,test,FR
2356,test,NFR
1831,test,FR
626,test,FR
606,test,NFR
1915,test,FR
1752,test,FR
211,test,FR
1591,test,FR
2130,test,FR
224,test,FR
4510,test,FR
3849,test,FR
2708,test,NFR
511,test,NFR
1994,test,FR
3286,test,FR
5298,test,FR
1329,test,NFR
5574,test,NFR
1630,test,NFR
3344,test,NFR
3108,test,FR
5914,test,FR
920,test,FR
3773,test,FR
1820,test,FR
1911,test,FR
169,test,FR
1240,test,NFR
5404,test,FR
4555,test,NFR
2581,test,FR
3395,test,FR
2460,test,FR
5380,test,FR
609,test,FR
5629,test,FR
1722,test,FR
3608,test,NFR
3022,test,FR
4258,test,FR
694,test,FR
4017,test,NFR
1066,test,NFR
4565,test,NFR
2316,test,FR
1384,test,FR
132,test,FR
5165,test,FR
1033,test,FR
3590,test,NFR
2160,test,NFR
2074,test,NFR
372,test,FR
5864,test,NFR
595,test,NFR
2579,test,FR
2706,test,NFR
2576,test,FR
5852,test,FR
3616,test,NFR
4085,test,FR
5403,test,FR
3969,test,FR
690,test,FR
1067,test,NFR
5005,test,FR
1100,test,NFR
970,test,FR
1551,test,FR
3950,test,FR
1039,test,FR
4416,test,FR
5726,test,FR
3879,test,FR
2747,test,NFR
2417,test,FR
3489,test,NFR
4262,test,FR
528,test,NFR
502,test,NFR
2910,test,FR
3414,test,NFR
5433,test,NFR
5931,test,NFR
653,test,FR
4766,test,FR
5581,test,FR
16,test,NFR
5936,test,FR
4798,test,FR
6053,test,FR
4317,test,FR
1410,test,FR
5375,test,NFR
4640,test,FR
3255,test,NFR
3444,test,NFR
5350,test,FR
243,test,FR
5171,test,FR
1382,test,FR
5323,test,NFR
1749,test,FR
1316,test,NFR
4338,test,NFR
962,test,FR
1604,test,FR
3626,test,FR
1059,test,NFR
2643,test,FR
2956,test,NFR
2628,test,FR
1886,test,FR
4934,test,FR
1025,test,NFR
5834,test,FR
1508,test,NFR
1539,test,FR
2378,test,FR
5185,test,FR
5213,test,NFR
2229,test,FR
2510,test,FR
5453,test,FR
3207,test,FR
4397,test,NFR
1641,test,FR
1538,test,FR
2938,test,FR
2725,test,FR
1109,test,NFR
3981,test,FR
801,test,FR
2436,test,FR
6,test,NFR
3015,test,FR
1486,test,NFR
11,test,NFR
3970,test,FR
4360,test,NFR
5739,test,FR
4851,test,FR
183,test,FR
3500,test,FR
3178,test,FR
4372,test,FR
4742,test,FR
451,test,NFR
5510,test,NFR
1629,test,NFR
1307,test,NFR
829,test,NFR
4177,test,NFR
324,test,FR
2726,test,FR
4747,test,NFR
4681,test,FR
219,test,FR
5224,test,FR
738,test,FR
1310,test,NFR
4598,test,NFR
5803,test,FR
5653,test,FR
1380,test,NFR
581,test,FR
3814,test,FR
1830,test,FR
3104,test,FR
2381,test,FR
2966,test,FR
4310,test,FR
1295,test,FR
1793,test,FR
3374,test,NFR
3048,test,FR
5982,test,FR
810,test,FR
394,test,FR
5499,test,NFR
3848,test,FR
4206,test,NFR
1913,test,FR
3896,test,FR
4080,test,FR
2924,test,NFR
1953,test,FR
2548,test,FR
3099,test,NFR
3930,test,FR
5596,test,FR
4933,test,FR
1134,test,FR
4052,test,NFR
2059,test,FR
4654,test,NFR
5699,test,FR
601,test,NFR
766,test,NFR
2575,test,FR
5832,test,FR
3740,test,FR
4502,test,FR
3417,test,NFR
304,test,FR
3393,test,FR
5778,test,FR
4533,test,FR
4646,test,FR
652,test,FR
4998,test,NFR
1215,test,FR
3364,test,NFR
2004,test,FR
4387,test,FR
613,test,FR
2776,test,NFR
4675,test,FR
1903,test,NFR
4209,test,FR
2435,test,FR
540,test,FR
1691,test,NFR
912,test,NFR
376,test,FR
2216,test,NFR
1511,test,NFR
2227,test,FR
934,test,FR
5048,test,FR
1484,test,NFR
4499,test,FR
2298,test,FR
3482,test,FR
5051,test,FR
1882,test,FR
1040,test,FR
4425,test,FR
2645,test,FR
5791,test,NFR
4450,test,FR
3386,test,NFR
3668,test,FR
4401,test,FR
2873,test,FR
2629,test,FR
1779,test,FR
1372,test,FR
3829,test,FR
790,test,NFR
1826,test,FR
2214,test,NFR
1719,test,FR
3319,test,NFR
744,test,FR
5401,test,FR
4965,test,NFR
3388,test,NFR
5720,test,FR
250,test,FR
4550,test,NFR
2442,test,FR
128,test,FR
2647,test,FR
4974,test,NFR
5976,test,NFR
4191,test,NFR
603,test,NFR
3018,test,FR
403,test,FR
6010,test,NFR
5120,test,NFR
3268,test,FR
3272,test,NFR
4539,test,FR
3684,test,FR
3615,test,NFR
5490,test,NFR
857,test,NFR
4645,test,FR
5079,test,FR
1374,test,FR
3013,test,FR
847,test,NFR
1359,test,FR
2447,test,FR
4824,test,FR
6007,test,NFR
5219,test,NFR
4838,test,FR
3529,test,FR
3366,test,NFR
5159,test,FR
3610,test,NFR
5619,test,FR
1293,test,FR
2200,test,FR
2490,test,FR
895,test,NFR
6070,test,FR
4449,test,FR
1313,test,NFR
4253,test,FR
2069,test,NFR
709,test,FR
2248,test,FR
1513,test,NFR
2254,test,FR
3926,test,NFR
2660,test,FR
2683,test,NFR
3898,test,FR
4333,test,FR
2856,test,FR
4745,test,FR
755,test,FR
4875,test,FR
5373,test,NFR
4046,test,FR
2019,test,FR
5991,test,FR
4505,test,FR
914,test,NFR
5772,test,NFR
3145,test,FR
5879,test,FR
2963,test,FR
1536,test,FR
469,test,NFR
1037,test,FR
4995,test,NFR
75,test,NFR
3839,test,FR
2439,test,FR
1695,test,FR
4426,test,FR
4415,test,FR
5938,test,FR
4495,test,FR
5707,test,NFR
1398,test,FR
1874,test,FR
2068,test,NFR
1726,test,FR
1612,test,FR
5312,test,FR
3982,test,FR
115,test,FR
1818,test,FR
27,test,NFR
4779,test,NFR
5644,test,NFR
3383,test,FR
3708,test,FR
3232,test,FR
1004,test,FR
1107,test,NFR
3971,test,FR
2273,test,FR
1005,test,FR
216,test,FR
1922,test,NFR
1803,test,NFR
5655,test,FR
498,test,NFR
3514,test,NFR
5908,test,FR
98,test,FR
258,test,FR
88,test,NFR
5968,test,FR
1455,test,FR
3623,test,FR
2413,test,FR
5983,test,FR
2280,test,FR
3245,test,FR
3843,test,FR
3913,test,FR
1223,test,FR
3224,test,FR
6110,test,NFR
3952,test,FR
3838,test,FR
1154,test,FR
5128,test,NFR
4961,test,NFR
3703,test,FR
2454,test,FR
954,test,FR
5287,test,NFR
5231,test,FR
5843,test,FR
4291,test,NFR
3221,test,FR
3343,test,NFR
2156,test,NFR
1119,test,NFR
51,test,NFR
4538,test,FR
4784,test,NFR
1315,test,NFR
4822,test,FR
4985,test,NFR
5942,test,FR
3653,test,FR
2588,test,FR
4554,test,NFR
4878,test,NFR
4568,test,NFR
4994,test,NFR
1339,test,FR
4284,test,NFR
466,test,NFR
2973,test,FR
3496,test,FR
1959,test,NFR
4042,test,FR
5820,test,FR
189,test,FR
4816,test,FR
278,test,FR
4972,test,NFR
4514,test,FR
2861,test,FR
6023,test,NFR
3844,test,FR
2855,test,FR
5897,test,NFR
4382,test,FR
1898,test,NFR
1254,test,NFR
5351,test,FR
2526,test,FR
3667,test,FR
1960,test,NFR
2408,test,FR
6006,test,NFR
1423,test,FR
90,test,NFR
853,test,NFR
5184,test,FR
5811,test,FR
1286,test,FR
3611,test,NFR
2110,test,NFR
4820,test,FR
5124,test,NFR
5813,test,FR
298,test,FR
5714,test,NFR
6091,test,FR
5521,test,NFR
4627,test,NFR
4097,test,NFR
314,test,FR
2073,test,NFR
5418,test,FR
5756,test,FR
1424,test,FR
4743,test,FR
3004,test,FR
2233,test,FR
462,test,NFR
4472,test,NFR
3297,test,NFR
6058,test,FR
1563,test,NFR
5036,test,NFR
1273,test,FR
3772,test,FR
4886,test,NFR
3602,test,NFR
5162,test,FR
1787,test,FR
1937,test,FR
5821,test,FR
687,test,FR
3775,test,FR
5591,test,FR
5881,test,FR
3765,test,NFR
1532,test,FR
993,test,NFR
2124,test,FR
3498,test,FR
865,test,NFR
1819,test,FR
1479,test,FR
3678,test,FR
6030,test,FR
1369,test,FR
4938,test,FR
4245,test,NFR
2377,test,FR
5947,test,NFR
757,test,FR
4808,test,FR
741,test,FR
1772,test,FR
2202,test,FR
4200,test,NFR
5721,test,FR
2112,test,NFR
5708,test,NFR
1584,test,NFR
4257,test,FR
5965,test,FR
4479,test,FR
5032,test,NFR
4213,test,FR
4241,test,NFR
3057,test,FR
1417,test,FR
2448,test,FR
5328,test,FR
1905,test,NFR
5681,test,FR
1786,test,FR
877,test,NFR
4701,test,FR
3915,test,FR
4218,test,FR
893,test,NFR
2388,test,FR
1667,test,FR
2815,test,FR
5624,test,FR
1888,test,NFR
5555,test,FR
4754,test,NFR
3886,test,FR
5926,test,NFR
761,test,FR
1011,test,FR
631,test,FR
1341,test,FR
4831,test,FR
3551,test,NFR
3079,test,NFR
1723,test,FR
5512,test,NFR
5781,test,FR
5841,test,FR
5706,test,FR
4099,test,NFR
287,test,FR
1568,test,FR
355,test,FR
2314,test,FR
2351,test,NFR
4364,test,NFR
3156,test,NFR
5532,test,FR
4992,test,NFR
6067,test,FR
1651,test,NFR
4764,test,FR
4919,test,NFR
5125,test,NFR
4830,test,FR
2893,test,FR
184,test,FR
4794,test,FR
4292,test,NFR
6085,test,FR
2703,test,FR
4113,test,FR
295,test,FR
5407,test,NFR
1948,test,FR
2544,test,NFR
4733,test,FR
1442,test,FR
110,test,FR
2321,test,FR
4947,test,FR
2652,test,FR
2661,test,FR
4107,test,NFR
1908,test,FR
2821,test,NFR
1592,test,FR
1348,test,FR
3945,test,FR
512,test,NFR
113,test,FR
1397,test,FR
1796,test,FR
4455,test,FR
2383,test,NFR
3729,test,FR
1487,test,NFR
726,test,FR
3159,test,NFR
1018,test,FR
4667,test,FR
908,test,FR
5227,test,FR
4734,test,FR
3532,test,FR
3336,test,FR
3885,test,FR
5391,test,NFR
2594,test,FR
3778,test,FR
4712,test,FR
2449,test,FR
530,test,NFR
533,test,FR
5722,test,FR
5845,test,FR
4895,test,FR
2264,test,FR
4797,test,NFR
5498,test,NFR
2103,test,NFR
5492,test,FR
4928,test,NFR
4047,test,NFR
4352,test,NFR
2405,test,FR
5724,test,FR
4286,test,NFR
4665,test,FR
3153,test,NFR
4053,test,NFR
5004,test,FR
4525,test,FR
2063,test,FR
4370,test,FR
5944,test,FR
5824,test,FR
3738,test,FR
3580,test,FR
5390,test,NFR
1844,test,FR
5472,test,FR
1855,test,FR
434,test,FR
3658,test,NFR
4136,test,FR
5847,test,FR
2145,test,FR
5303,test,FR
5246,test,NFR
5069,test,FR
508,test,NFR
2843,test,NFR
3446,test,NFR
2809,test,FR
3554,test,NFR
1617,test,FR
299,test,FR
1817,test,FR
492,test,NFR
842,test,NFR
411,test,FR
4349,test,NFR
3236,test,NFR
5425,test,FR
3780,test,FR
3430,test,FR
1150,test,FR
5671,test,FR
3461,test,NFR
2369,test,FR
5866,test,NFR
4432,test,NFR
144,test,FR
4027,test,FR
5667,test,FR
3562,test,FR
300,test,FR
2904,test,FR
3919,test,NFR
4443,test,FR
3637,test,FR
2868,test,FR
1847,test,FR
5970,test,FR
2847,test,FR
2789,test,NFR
1161,test,FR
1657,test,NFR
6038,test,NFR
5662,test,FR
5497,test,FR
1611,test,FR
5747,test,FR
1268,test,NFR
1533,test,FR
4993,test,NFR
804,test,FR
6037,test,NFR
2194,test,NFR
4757,test,NFR
5945,test,FR
6086,test,FR
4946,test,FR
4963,test,NFR
3473,test,FR
635,test,FR
4954,test,FR
4271,test,FR
5177,test,NFR
1132,test,FR
1739,test,FR
1427,test,FR
1304,test,FR
3539,test,FR
1325,test,NFR
2190,test,NFR
3519,test,FR
5348,test,FR
3056,test,FR
5703,test,FR
5605,test,NFR
2440,test,FR
5202,test,FR
3704,test,FR
2397,test,NFR
3146,test,FR
3512,test,NFR
4384,test,FR
2803,test,NFR
2168,test,NFR
4982,test,NFR
3150,test,FR
5854,test,FR
4389,test,FR
630,test,FR
2319,test,FR
2593,test,FR
4876,test,FR
5438,test,NFR
5233,test,NFR
2735,test,NFR
2870,test,FR
342,test,FR
2783,test,NFR
192,test,FR
5090,test,FR
1914,test,FR
846,test,NFR
3586,test,NFR
3883,test,FR
4770,test,FR
3397,test,FR
1482,test,NFR
2663,test,FR
2705,test,NFR
